Transaction_ID,Date,Department,Category,Type,Description,Amount
1,2024-01-01,Sales,Other Income,Income,Other Income - Sales - Jan 2024,533.88
2,2024-01-01,Sales,Other Income,Income,Other Income - Sales - Jan 2024,315.94
3,2024-01-01,Sales,Other Income,Income,Other Income - Sales - Jan 2024,1461.95
4,2024-01-01,IT,Software Subscriptions  ,Expense,Software Subscriptions - IT - Jan 2024,558.56
5,2024-01-01,Sales,Service Revenue,Income,Service Revenue - Sales - Jan 2024,759.06
6,2024-01-02,Sales,Office Supplies,Expense,Office Supplies - Sales - Jan 2024,357.14
7,2024-01-02,Operations,Consulting Fees,Income,Consulting Fees - Operations - Jan 2024,1833.98
8,2024-01-02,Marketing,Professional Services,Expense,Professional Services - Marketing - Jan 2024,1982.9
9,2024-01-02,Operations,Product Sales,Income,Product Sales - Operations - Jan 2024,7708.79
10,2024-01-02,Marketing,Taxes,Expense,Taxes - Marketing - Jan 2024,2523.89
11,2024-01-02,IT,Professional Services,Expense,Professional Services - IT - Jan 2024,1099.94
12,2024-01-03,IT,Taxes,Expense,Taxes - IT - Jan 2024,614.39
13,2024-01-03,IT,Software Subscriptions,Expense,Software Subscriptions - IT - Jan 2024,246.88
14,2024-01-04,Sales,Office Supplies,Expense,Office Supplies - Sales - Jan 2024,32.56
15,2024-01-04,Sales,Other Income,Income,Other Income - Sales - Jan 2024,1344.21
16,2024-01-04,Sales,Service Revenue,Income,Service Revenue - Sales - Jan 2024,302.45
17,2024-01-04,Operations,Taxes,Expense,Taxes - Operations - Jan 2024,2019.27
18,2024-01-04,Marketing,Marketing Campaigns,Expense,Marketing Campaigns - Marketing - Jan 2024,1138.13
19,2024-01-05,Sales,Consulting Fees,Income,Consulting Fees - Sales - Jan 2024,1706.71
20,2024-01-05,Sales,Service Revenue,Income,Service Revenue - Sales - Jan 2024,2028.58
21,2024-01-05,Operations,Service Revenue,Income,Service Revenue - Operations - Jan 2024,3570.32
22,2024-01-07,HR,Taxes,Expense,Taxes - HR - Jan 2024,4919.76
23,2024-01-07,Operations,Travel,Expense,Travel - Operations - Jan 2024,913.67
24,2024-01-08,HR,Utilities,Expense,Utilities - HR - Jan 2024,591.15
25,2024-01-08,Sales,Utilities  ,Expense,Utilities - Sales - Jan 2024,443.38
26,2024-01-08,Sales,Other Income,Income,Other Income - Sales - Jan 2024,1281.37
27,2024-01-08,Sales,Service Revenue,Income,Service Revenue - Sales - Jan 2024,4900.8
28,2024-01-08,IT,Salaries,Expense,Salaries - IT - Jan 2024,3366.7
29,2024-01-08,HR,software subscriptions,Expense,Software Subscriptions - HR - Jan 2024,798.64
30,2024-01-08,Operations,Product Sales,Income,Product Sales - Operations - Jan 2024,3460.19
31,2024-01-08,Operations,Consulting Fees,Income,Consulting Fees - Operations - Jan 2024,3495.31
32,2024-01-08,SALES,Consulting Fees,Income,Consulting Fees - Sales - Jan 2024,2982.86
33,2024-01-08,Operations,Other Income,Income,Other Income - Operations - Jan 2024,1067.85
34,2024-01-09,Admin,Office Supplies  ,Expense,Office Supplies - Admin - Jan 2024,244.52
35,2024-01-09,Sales,Other Income,Income,Other Income - Sales - Jan 2024,1166.49
36,2024-01-10,Sales,Service Revenue,Income,Service Revenue - Sales - Jan 2024,3241.54
37,2024-01-10,Operations,Salaries,Expense,Salaries - Operations - Jan 2024,8070.39
38,2024-01-10,Admin,Marketing Campaigns  ,Expense,Marketing Campaigns - Admin - Jan 2024,858.17
39,2024-01-10,SALES,Product Sales,Income,Product Sales - Sales - Jan 2024,1206.18
40,2024-01-10,Operations,Software Subscriptions,Expense,,562.2
41,2024-01-10,Sales,Product Sales,Income,Product Sales - Sales - Jan 2024,3817.64
42,2024-01-10,Marketing,Travel,Expense,Travel - Marketing - Jan 2024,702.07
43,2024-01-11,Sales,Product Sales,Income,Product Sales - Sales - Jan 2024,6853.57
44,2024-01-11,Sales,Service Revenue,Income,Service Revenue - Sales - Jan 2024,4542.0
45,2024-01-11,Operations,Consulting Fees,Income,Consulting Fees - Operations - Jan 2024,3818.83
46,2024-01-11,Sales,Product Sales,Income,Product Sales - Sales - Jan 2024,2699.08
47,2024-01-11,Marketing,Professional Services,Expense,Professional Services - Marketing - Jan 2024,1639.3
48,2024-01-11,Sales,Product Sales,Income,Product Sales - Sales - Jan 2024,1208.32
49,2024-01-11,IT,Professional Services,Expense,Professional Services - IT - Jan 2024,1779.52
50,2024-01-12,IT,Software Subscriptions,Expense,Software Subscriptions - IT - Jan 2024,671.22
51,2024-01-12,IT,Office Supplies,Expense,Office Supplies - IT - Jan 2024,51.96
52,2024-01-13,Sales,Salaries,Expense,Salaries - Sales - Jan 2024,8162.52
53,2024-01-15,Sales,Other Income,Income,Other Income - Sales - Jan 2024,133.9
54,2024-01-15,Operations,Other Income,Income,Other Income - Operations - Jan 2024,878.64
55,2024-01-15,Sales,Product Sales,Income,,3311.53
56,2024-01-15,IT,Software Subscriptions,Expense,Software Subscriptions - IT - Jan 2024,67.76
57,2024-01-15,Sales,Professional Services,Expense,Professional Services - Sales - Jan 2024,885.38
58,2024-01-16,Operations,Consulting Fees,Income,Consulting Fees - Operations - Jan 2024,2938.53
59,2024-01-16,Sales,Consulting Fees,Income,Consulting Fees - Sales - Jan 2024,4430.44
60,2024-01-16,IT,Office Supplies,Expense,Office Supplies - IT - Jan 2024,380.92
61,2024-01-17,Operations,Product Sales,Income,Product Sales - Operations - Jan 2024,922.82
62,2024-01-17,Operations,Software Subscriptions,Expense,Software Subscriptions - Operations - Jan 2024,688.66
63,2024-01-17,Marketing,Salaries,Expense,Salaries - Marketing - Jan 2024,6701.9
64,2024-01-17,Admin,Rent,Expense,Rent - Admin - Jan 2024,1200.0
65,2024-01-18,Marketing,Utilities,Expense,Utilities - Marketing - Jan 2024,381.86
66,2024-01-18,Sales,Service Revenue,Income,Service Revenue - Sales - Jan 2024,1936.8
67,2024-01-18,Sales,Marketing Campaigns,Expense,Marketing Campaigns - Sales - Jan 2024,1945.52
68,2024-01-18,Operations,Utilities,Expense,Utilities - Operations - Jan 2024,391.77
69,2024-01-18,Sales,Service Revenue,Income,Service Revenue - Sales - Jan 2024,716.9
70,2024-01-18,Sales,Professional Services,Expense,Professional Services - Sales - Jan 2024,549.18
71,2024-01-18,Operations,Other Income,Income,Other Income - Operations - Jan 2024,1218.99
72,2024-01-18,Marketing,Travel  ,Expense,Travel - Marketing - Jan 2024,1375.04
73,2024-01-18,Operations,Rent,Expense,Rent - Operations - Jan 2024,1200.0
74,2024-01-18,Marketing,Salaries,Expense,Salaries - Marketing - Jan 2024,3480.14
75,2024-01-19,Sales,Salaries,Expense,Salaries - Sales - Jan 2024,5708.88
76,2024-01-19,Marketing,Utilities,Expense,Utilities - Marketing - Jan 2024,173.32
77,2024-01-19,IT,Maintenance,Expense,Maintenance - IT - Jan 2024,598.11
78,2024-01-19,Sales,Product Sales,Income,Product Sales - Sales - Jan 2024,1101.75
79,2024-01-19,Admin,Marketing Campaigns,Expense,Marketing Campaigns - Admin - Jan 2024,220.14
80,2024-01-19,Sales,Service Revenue,Income,Service Revenue - Sales - Jan 2024,1359.06
81,2024-01-19,Sales,Product Sales,Income,Product Sales - Sales - Jan 2024,3223.12
82,2024-01-20,Sales,Product Sales,Income,Product Sales - Sales - Jan 2024,6201.71
83,2024-01-21,Operations,Professional Services,Expense,Professional Services - Operations - Jan 2024,853.5
84,2024-01-21,Operations,Product Sales,Income,Product Sales - Operations - Jan 2024,6128.76
85,2024-01-22,Marketing,Salaries,Expense,Salaries - Marketing - Jan 2024,8297.02
86,2024-01-22,Marketing,Travel,Expense,Travel - Marketing - Jan 2024,1853.32
87,2024-01-22,Sales,Marketing Campaigns,Expense,Marketing Campaigns - Sales - Jan 2024,3991.23
88,2024-01-22,Marketing,Taxes,Expense,Taxes - Marketing - Jan 2024,2722.92
89,2024-01-22,Sales,Other Income,Income,,778.32
90,2024-01-22,Operations,Marketing Campaigns,Expense,Marketing Campaigns - Operations - Jan 2024,2262.35
91,2024-01-22,Operations,Consulting Fees,Income,Consulting Fees - Operations - Jan 2024,3202.43
92,2024-01-22,SALES,Other Income,Income,Other Income - Sales - Jan 2024,909.8
93,2024-01-22,Operations,Taxes,Expense,Taxes - Operations - Jan 2024,810.15
94,2024-01-23,Sales,Utilities,Expense,Utilities - Sales - Jan 2024,261.7
95,2024-01-23,Marketing,Office Supplies,Expense,Office Supplies - Marketing - Jan 2024,103.64
96,2024-01-23,IT,Travel,Expense,Travel - IT - Jan 2024,645.75
97,2024-01-23,Sales,Utilities,Expense,Utilities - Sales - Jan 2024,329.18
98,2024-01-24,Operations,Consulting Fees,Income,Consulting Fees - Operations - Jan 2024,3019.3
99,2024-01-24,Admin,Utilities,Expense,Utilities - Admin - Jan 2024,179.57
100,2024-01-24,Sales,Utilities,Expense,Utilities - Sales - Jan 2024,219.86
101,2024-01-24,HR,Rent,Expense,Rent - HR - Jan 2024,1200.0
102,2024-01-25,Marketing,Utilities,Expense,Utilities - Marketing - Jan 2024,443.74
103,2024-01-25,IT,Marketing Campaigns,Expense,Marketing Campaigns - IT - Jan 2024,2738.72
104,2024-01-25,IT,Software Subscriptions,Expense,Software Subscriptions - IT - Jan 2024,53.08
105,2024-01-25,Operations,Taxes,Expense,Taxes - Operations - Jan 2024,4212.98
106,2024-01-26,Marketing,Professional Services,Expense,Professional Services - Marketing - Jan 2024,1634.54
107,2024-01-26,Admin,Travel,Expense,Travel - Admin - Jan 2024,355.79
108,2024-01-26,Sales,Maintenance,Expense,Maintenance - Sales - Jan 2024,1183.17
109,2024-01-26,Operations,Professional Services,Expense,Professional Services - Operations - Jan 2024,676.26
110,2024-01-26,IT,Office Supplies,Expense,Office Supplies - IT - Jan 2024,367.43
111,2024-01-29,Operations,Other Income,Income,Other Income - Operations - Jan 2024,683.93
112,2024-01-29,Sales,Office Supplies,Expense,Office Supplies - Sales - Jan 2024,298.38
113,2024-01-29,Marketing,Rent,Expense,Rent - Marketing - Jan 2024,1200.0
114,2024-01-30,IT,Rent,Expense,Rent - IT - Jan 2024,1200.0
115,2024-01-30,Operations,Salaries,Expense,Salaries - Operations - Jan 2024,6551.17
116,2024-01-30,Operations,Rent,Expense,Rent - Operations - Jan 2024,1200.0
117,2024-01-30,Operations,Service Revenue,Income,Service Revenue - Operations - Jan 2024,4803.4
118,2024-01-30,Operations,Utilities,Expense,Utilities - Operations - Jan 2024,291.57
119,2024-01-30,Admin,Travel  ,Expense,Travel - Admin - Jan 2024,1433.94
120,2024-01-31,Marketing,Rent  ,Expense,Rent - Marketing - Jan 2024,1200.0
121,2024-01-31,IT,Travel,Expense,Travel - IT - Jan 2024,122.77
122,2024-01-31,Sales,Professional Services,Expense,,2374.34
123,2024-01-31,HR,Maintenance,Expense,Maintenance - HR - Jan 2024,380.32
124,2024-01-31,Sales,Consulting Fees,Income,Consulting Fees - Sales - Jan 2024,2798.5
125,2024-01-31,Operations,Maintenance,Expense,Maintenance - Operations - Jan 2024,1066.83
126,2024-01-31,IT,Office Supplies  ,Expense,Office Supplies - IT - Jan 2024,250.94
127,2024-01-31,IT,Maintenance,Expense,Maintenance - IT - Jan 2024,452.64
128,2024-02-01,IT,Travel  ,Expense,Travel - IT - Feb 2024,2215.93
129,2024-02-01,Operations,Maintenance,Expense,Maintenance - Operations - Feb 2024,829.72
130,2024-02-01,Operations,Product Sales,Income,Product Sales - Operations - Feb 2024,7208.6
131,2024-02-01,Operations,Consulting Fees,Income,Consulting Fees - Operations - Feb 2024,5309.93
132,2024-02-01,HR,utilities,Expense,Utilities - HR - Feb 2024,580.04
133,2024-02-01,Admin,Rent,Expense,Rent - Admin - Feb 2024,1200.0
134,2024-02-01,Admin,Professional Services,Expense,Professional Services - Admin - Feb 2024,1900.94
135,2024-02-02,IT,marketing campaigns,Expense,Marketing Campaigns - IT - Feb 2024,3081.4
136,2024-02-02,Operations,Office Supplies,Expense,Office Supplies - Operations - Feb 2024,255.95
137,2024-02-02,Marketing,Taxes,Expense,Taxes - Marketing - Feb 2024,504.63
138,2024-02-02,Sales,Consulting Fees,Income,Consulting Fees - Sales - Feb 2024,4757.35
139,2024-02-02,SALES,Service Revenue,Income,Service Revenue - Sales - Feb 2024,1834.24
140,2024-02-02,Operations,Other Income,Income,Other Income - Operations - Feb 2024,301.94
141,2024-02-04,Sales,Service Revenue,Income,Service Revenue - Sales - Feb 2024,1381.25
142,2024-02-04,Admin,Software Subscriptions,Expense,Software Subscriptions - Admin - Feb 2024,585.52
143,2024-02-05,Sales,Professional Services  ,Expense,Professional Services - Sales - Feb 2024,953.52
144,2024-02-05,Operations,Product Sales,Income,Product Sales - Operations - Feb 2024,7014.67
145,2024-02-05,OPERATIONS,Product Sales,Income,Product Sales - Operations - Feb 2024,7338.77
146,2024-02-05,Admin,Marketing Campaigns,Expense,Marketing Campaigns - Admin - Feb 2024,1835.16
147,2024-02-05,IT,Maintenance,Expense,Maintenance - IT - Feb 2024,406.92
148,2024-02-05,IT,Office Supplies,Expense,Office Supplies - IT - Feb 2024,130.83
149,2024-02-05,Sales,Other Income,Income,Other Income - Sales - Feb 2024,64.17
150,2024-02-06,Marketing,taxes,Expense,Taxes - Marketing - Feb 2024,4102.64
151,2024-02-06,Operations,Consulting Fees,Income,Consulting Fees - Operations - Feb 2024,964.25
152,2024-02-07,HR,utilities,Expense,Utilities - HR - Feb 2024,410.4
153,2024-02-07,IT,Taxes  ,Expense,Taxes - IT - Feb 2024,2314.68
154,2024-02-07,HR,Taxes,Expense,Taxes - HR - Feb 2024,3842.18
155,2024-02-07,Marketing,Professional Services,Expense,Professional Services - Marketing - Feb 2024,2653.82
156,2024-02-07,Sales,Taxes,Expense,Taxes - Sales - Feb 2024,2664.07
157,2024-02-07,Admin,Utilities,Expense,Utilities - Admin - Feb 2024,222.75
158,2024-02-08,HR,Salaries,Expense,Salaries - HR - Feb 2024,2920.97
159,2024-02-08,Sales,Consulting Fees,Income,Consulting Fees - Sales - Feb 2024,4629.29
160,2024-02-08,HR,Professional Services,Expense,Professional Services - HR - Feb 2024,1463.4
161,2024-02-08,Marketing,Marketing Campaigns,Expense,Marketing Campaigns - Marketing - Feb 2024,1225.05
162,2024-02-08,Operations,Travel,Expense,,492.46
163,2024-02-08,Sales,Product Sales,Income,Product Sales - Sales - Feb 2024,1018.5
164,2024-02-08,Operations,Maintenance,Expense,Maintenance - Operations - Feb 2024,506.16
165,2024-02-09,SALES,Consulting Fees,Income,Consulting Fees - Sales - Feb 2024,1016.18
166,2024-02-09,Operations,Professional Services,Expense,Professional Services - Operations - Feb 2024,1866.3
167,2024-02-10,Sales,Consulting Fees,Income,Consulting Fees - Sales - Feb 2024,1644.39
168,2024-02-12,Sales,service revenue,Income,Service Revenue - Sales - Feb 2024,4383.85
169,2024-02-12,Admin,Utilities,Expense,Utilities - Admin - Feb 2024,573.39
170,2024-02-12,Sales,Office Supplies,Expense,Office Supplies - Sales - Feb 2024,140.88
171,2024-02-13,Operations,Professional Services,Expense,Professional Services - Operations - Feb 2024,2067.67
172,2024-02-13,Sales,Travel,Expense,Travel - Sales - Feb 2024,808.67
173,2024-02-13,HR,Rent,Expense,Rent - HR - Feb 2024,1200.0
174,2024-02-13,Operations,Software Subscriptions,Expense,Software Subscriptions - Operations - Feb 2024,277.84
175,2024-02-13,Operations,rent,Expense,,1200.0
176,2024-02-13,Operations,Rent,Expense,Rent - Operations - Feb 2024,1200.0
177,2024-02-13,Sales,Salaries  ,Expense,Salaries - Sales - Feb 2024,3662.81
178,2024-02-13,Sales,Service Revenue,Income,Service Revenue - Sales - Feb 2024,3350.65
179,2024-02-13,Marketing,Professional Services,Expense,Professional Services - Marketing - Feb 2024,1326.53
180,2024-02-14,Marketing,Office Supplies,Expense,Office Supplies - Marketing - Feb 2024,245.54
181,2024-02-14,IT,Salaries,Expense,Salaries - IT - Feb 2024,3658.09
182,2024-02-14,Sales,Utilities,Expense,Utilities - Sales - Feb 2024,430.74
183,2024-02-14,IT,Software Subscriptions,Expense,Software Subscriptions - IT - Feb 2024,113.27
184,2024-02-14,Sales,Product Sales,Income,Product Sales - Sales - Feb 2024,938.41
185,2024-02-15,Sales,Utilities,Expense,Utilities - Sales - Feb 2024,330.53
186,2024-02-15,Operations,Service Revenue,Income,Service Revenue - Operations - Feb 2024,789.32
187,2024-02-16,HR,Rent,Expense,Rent - HR - Feb 2024,1200.0
188,2024-02-16,Admin,Salaries,Expense,Salaries - Admin - Feb 2024,8968.36
189,2024-02-16,Marketing,Professional Services,Expense,Professional Services - Marketing - Feb 2024,760.29
190,2024-02-17,Operations,Other Income,Income,Other Income - Operations - Feb 2024,79.04
191,2024-02-17,Sales,Other Income,Income,Other Income - Sales - Feb 2024,1145.14
192,2024-02-17,Sales,Service Revenue,Income,Service Revenue - Sales - Feb 2024,1905.87
193,2024-02-19,Operations,Office Supplies,Expense,Office Supplies - Operations - Feb 2024,20.13
194,2024-02-19,Admin,Taxes,Expense,Taxes - Admin - Feb 2024,1452.9
195,2024-02-19,HR,Marketing Campaigns,Expense,Marketing Campaigns - HR - Feb 2024,503.87
196,2024-02-19,Sales,Product Sales,Income,Product Sales - Sales - Feb 2024,2918.96
197,2024-02-19,Admin,Rent,Expense,Rent - Admin - Feb 2024,1200.0
198,2024-02-19,Sales,Marketing Campaigns,Expense,Marketing Campaigns - Sales - Feb 2024,2109.75
199,2024-02-19,Sales,Service Revenue,Income,Service Revenue - Sales - Feb 2024,4142.01
200,2024-02-20,Sales,Consulting Fees,Income,Consulting Fees - Sales - Feb 2024,1724.39
201,2024-02-20,Sales,Product Sales,Income,Product Sales - Sales - Feb 2024,5179.22
202,2024-02-21,Marketing,Software Subscriptions,Expense,Software Subscriptions - Marketing - Feb 2024,747.87
203,2024-02-21,IT,Professional Services,Expense,Professional Services - IT - Feb 2024,1958.02
204,2024-02-21,Marketing,Professional Services,Expense,Professional Services - Marketing - Feb 2024,2845.64
205,2024-02-21,Sales,Service Revenue  ,Income,Service Revenue - Sales - Feb 2024,3257.7
206,2024-02-21,IT,Software Subscriptions,Expense,Software Subscriptions - IT - Feb 2024,46.7
207,2024-02-21,IT,Software Subscriptions,Expense,Software Subscriptions - IT - Feb 2024,764.59
208,2024-02-22,Sales,Consulting Fees  ,Income,Consulting Fees - Sales - Feb 2024,4524.88
209,2024-02-22,Operations,Service Revenue,Income,Service Revenue - Operations - Feb 2024,4960.47
210,2024-02-22,Marketing,office supplies,Expense,Office Supplies - Marketing - Feb 2024,310.46
211,2024-02-22,Operations,Other Income  ,Income,Other Income - Operations - Feb 2024,380.37
212,2024-02-22,Sales,Product Sales,Income,Product Sales - Sales - Feb 2024,4477.27
213,2024-02-23,Sales,Office Supplies  ,Expense,Office Supplies - Sales - Feb 2024,306.21
214,2024-02-23,Operations,Rent,Expense,Rent - Operations - Feb 2024,1200.0
215,2024-02-23,Operations,Utilities,Expense,Utilities - Operations - Feb 2024,283.9
216,2024-02-23,Admin,Rent,Expense,Rent - Admin - Feb 2024,1200.0
217,2024-02-23,Operations,Travel,Expense,Travel - Operations - Feb 2024,328.03
218,2024-02-23,IT,Utilities,Expense,Utilities - IT - Feb 2024,549.12
219,2024-02-24,IT,Maintenance,Expense,Maintenance - IT - Feb 2024,333.68
220,2024-02-25,Marketing,Travel,Expense,,1575.95
221,2024-02-26,Operations,Professional Services,Expense,Professional Services - Operations - Feb 2024,2131.62
222,2024-02-26,Operations,Other Income,Income,Other Income - Operations - Feb 2024,1097.0
223,2024-02-26,Sales,Service Revenue,Income,Service Revenue - Sales - Feb 2024,1084.36
224,2024-02-27,Sales,Product Sales,Income,Product Sales - Sales - Feb 2024,3659.36
225,2024-02-27,HR,Salaries,Expense,Salaries - HR - Feb 2024,2620.2
226,2024-02-27,Sales,Service Revenue,Income,Service Revenue - Sales - Feb 2024,4915.26
227,2024-02-27,HR,Rent,Expense,Rent - HR - Feb 2024,1200.0
228,2024-02-28,Sales,Product Sales,Income,Product Sales - Sales - Feb 2024,5751.89
229,2024-02-28,Operations,Consulting Fees,Income,Consulting Fees - Operations - Feb 2024,3034.22
230,2024-02-28,Admin,Office Supplies,Expense,Office Supplies - Admin - Feb 2024,259.84
231,2024-02-28,HR,Office Supplies,Expense,Office Supplies - HR - Feb 2024,105.59
232,2024-02-29,Sales,Other Income,Income,Other Income - Sales - Feb 2024,449.79
233,2024-03-01,IT,Professional Services,Expense,Professional Services - IT - Mar 2024,359.49
234,2024-03-01,Marketing,Rent,Expense,Rent - Marketing - Mar 2024,1200.0
235,2024-03-01,Marketing,Professional Services,Expense,Professional Services - Marketing - Mar 2024,1233.99
236,2024-03-01,IT,Marketing Campaigns,Expense,Marketing Campaigns - IT - Mar 2024,686.36
237,2024-03-02,Admin,Taxes,Expense,Taxes - Admin - Mar 2024,2941.46
238,2024-03-03,Marketing,Professional Services,Expense,Professional Services - Marketing - Mar 2024,2106.36
239,2024-03-04,Admin,Taxes  ,Expense,Taxes - Admin - Mar 2024,1985.97
240,2024-03-04,SALES,Service Revenue,Income,Service Revenue - Sales - Mar 2024,1422.34
241,2024-03-04,Marketing,Maintenance,Expense,Maintenance - Marketing - Mar 2024,374.8
242,2024-03-04,Sales,Consulting Fees,Income,Consulting Fees - Sales - Mar 2024,3093.58
243,2024-03-04,Sales,Other Income,Income,Other Income - Sales - Mar 2024,1206.98
244,2024-03-04,IT,Travel,Expense,Travel - IT - Mar 2024,1572.34
245,2024-03-05,Operations,Office Supplies,Expense,Office Supplies - Operations - Mar 2024,387.75
246,2024-03-05,Admin,Travel,Expense,Travel - Admin - Mar 2024,393.84
247,2024-03-05,Sales,consulting fees,Income,Consulting Fees - Sales - Mar 2024,4371.68
248,2024-03-05,Operations,Consulting Fees,Income,Consulting Fees - Operations - Mar 2024,1774.54
249,2024-03-06,Operations,Product Sales,Income,Product Sales - Operations - Mar 2024,3562.3
250,2024-03-06,Operations,Salaries,Expense,Salaries - Operations - Mar 2024,7859.29
251,2024-03-06,Operations,utilities,Expense,Utilities - Operations - Mar 2024,558.24
252,2024-03-06,Sales,Consulting Fees,Income,Consulting Fees - Sales - Mar 2024,4185.97
253,2024-03-06,Sales,Product Sales,Income,Product Sales - Sales - Mar 2024,1347.07
254,2024-03-06,Marketing,Marketing Campaigns,Expense,Marketing Campaigns - Marketing - Mar 2024,3009.32
255,2024-03-07,Admin,Marketing Campaigns,Expense,Marketing Campaigns - Admin - Mar 2024,268.4
256,2024-03-07,HR,taxes,Expense,Taxes - HR - Mar 2024,3646.92
257,2024-03-07,Sales,Consulting Fees,Income,Consulting Fees - Sales - Mar 2024,3569.91
258,2024-03-08,Sales,Service Revenue,Income,Service Revenue - Sales - Mar 2024,3112.28
259,2024-03-08,Admin,Professional Services,Expense,Professional Services - Admin - Mar 2024,1192.1
260,2024-03-09,IT,Rent,Expense,Rent - IT - Mar 2024,1200.0
261,2024-03-11,Admin,Utilities,Expense,Utilities - Admin - Mar 2024,352.77
262,2024-03-11,Sales,Product Sales,Income,Product Sales - Sales - Mar 2024,3477.61
263,2024-03-11,Sales,Consulting Fees,Income,Consulting Fees - Sales - Mar 2024,5188.41
264,2024-03-11,HR,Utilities,Expense,,351.36
265,2024-03-11,HR,Marketing Campaigns,Expense,Marketing Campaigns - HR - Mar 2024,2770.42
266,2024-03-11,Sales,Rent,Expense,Rent - Sales - Mar 2024,1200.0
267,2024-03-11,HR,Professional Services,Expense,Professional Services - HR - Mar 2024,1220.2
268,2024-03-11,Operations,Other Income,Income,Other Income - Operations - Mar 2024,925.9
269,2024-03-12,Sales,Professional Services,Expense,Professional Services - Sales - Mar 2024,2268.77
270,2024-03-12,Marketing,Travel  ,Expense,Travel - Marketing - Mar 2024,865.28
271,2024-03-12,Operations,Product Sales,Income,Product Sales - Operations - Mar 2024,2797.35
272,2024-03-12,Operations,Professional Services,Expense,Professional Services - Operations - Mar 2024,1439.49
273,2024-03-12,Operations,Utilities,Expense,Utilities - Operations - Mar 2024,475.79
274,2024-03-12,Operations,Professional Services  ,Expense,Professional Services - Operations - Mar 2024,2045.42
275,2024-03-12,Sales,Consulting Fees,Income,Consulting Fees - Sales - Mar 2024,3900.87
276,2024-03-12,HR,Travel,Expense,Travel - HR - Mar 2024,197.34
277,2024-03-13,Marketing,Marketing Campaigns,Expense,Marketing Campaigns - Marketing - Mar 2024,1491.12
278,2024-03-13,IT,Salaries,Expense,Salaries - IT - Mar 2024,2708.82
279,2024-03-13,Sales,product sales,Income,Product Sales - Sales - Mar 2024,1554.15
280,2024-03-14,Sales,Service Revenue,Income,Service Revenue - Sales - Mar 2024,2158.54
281,2024-03-14,Operations,Other Income,Income,Other Income - Operations - Mar 2024,505.25
282,2024-03-15,IT,Rent,Expense,Rent - IT - Mar 2024,1200.0
283,2024-03-15,Sales,Product Sales,Income,Product Sales - Sales - Mar 2024,4305.85
284,2024-03-15,Marketing,Utilities,Expense,Utilities - Marketing - Mar 2024,217.73
285,2024-03-15,Operations,Professional Services,Expense,Professional Services - Operations - Mar 2024,2439.81
286,2024-03-15,Operations,Utilities,Expense,Utilities - Operations - Mar 2024,209.57
287,2024-03-17,Marketing,Marketing Campaigns,Expense,Marketing Campaigns - Marketing - Mar 2024,1973.77
288,2024-03-18,Marketing,Software Subscriptions,Expense,Software Subscriptions - Marketing - Mar 2024,342.08
289,2024-03-18,Admin,Maintenance  ,Expense,Maintenance - Admin - Mar 2024,121.83
290,2024-03-18,IT,rent,Expense,Rent - IT - Mar 2024,1200.0
291,2024-03-18,Sales,Professional Services,Expense,Professional Services - Sales - Mar 2024,1278.12
292,2024-03-18,Operations,Marketing Campaigns,Expense,Marketing Campaigns - Operations - Mar 2024,3265.04
293,2024-03-19,Operations,Other Income,Income,Other Income - Operations - Mar 2024,1259.51
294,2024-03-19,Sales,Marketing Campaigns,Expense,Marketing Campaigns - Sales - Mar 2024,2860.13
295,2024-03-19,Operations,Other Income,Income,Other Income - Operations - Mar 2024,210.95
296,2024-03-19,Operations,Other Income,Income,Other Income - Operations - Mar 2024,213.75
297,2024-03-20,Admin,Marketing Campaigns,Expense,Marketing Campaigns - Admin - Mar 2024,2793.95
298,2024-03-20,Sales,Service Revenue,Income,Service Revenue - Sales - Mar 2024,1811.03
299,2024-03-20,Sales,Product Sales,Income,Product Sales - Sales - Mar 2024,6197.09
300,2024-03-20,Marketing,Marketing Campaigns,Expense,Marketing Campaigns - Marketing - Mar 2024,742.93
301,2024-03-20,Sales,professional services,Expense,Professional Services - Sales - Mar 2024,2321.34
302,2024-03-21,Sales,Product Sales,Income,Product Sales - Sales - Mar 2024,7553.36
303,2024-03-21,Operations,Marketing Campaigns,Expense,Marketing Campaigns - Operations - Mar 2024,3197.94
304,2024-03-21,Sales,Service Revenue,Income,Service Revenue - Sales - Mar 2024,498.77
305,2024-03-22,Sales,Travel,Expense,Travel - Sales - Mar 2024,1300.96
306,2024-03-22,Sales,Consulting Fees,Income,Consulting Fees - Sales - Mar 2024,4791.35
307,2024-03-22,IT,Professional Services,Expense,Professional Services - IT - Mar 2024,1104.74
308,2024-03-22,HR,Maintenance,Expense,Maintenance - HR - Mar 2024,794.87
309,2024-03-23,Sales,Service Revenue,Income,Service Revenue - Sales - Mar 2024,3975.47
310,2024-03-23,Admin,Software Subscriptions,Expense,Software Subscriptions - Admin - Mar 2024,623.51
311,2024-03-24,Sales,Consulting Fees,Income,Consulting Fees - Sales - Mar 2024,2789.42
312,2024-03-24,Operations,Product Sales,Income,Product Sales - Operations - Mar 2024,2838.98
313,2024-03-24,Admin,Office Supplies,Expense,Office Supplies - Admin - Mar 2024,221.76
314,2024-03-25,Sales,Maintenance,Expense,Maintenance - Sales - Mar 2024,950.68
315,2024-03-25,IT,Rent,Expense,Rent - IT - Mar 2024,1200.0
316,2024-03-25,HR,Software Subscriptions,Expense,Software Subscriptions - HR - Mar 2024,491.74
317,2024-03-25,Operations,Other Income,Income,Other Income - Operations - Mar 2024,948.62
318,2024-03-25,HR,Marketing Campaigns,Expense,Marketing Campaigns - HR - Mar 2024,1675.03
319,2024-03-25,Sales,Professional Services,Expense,Professional Services - Sales - Mar 2024,2703.38
320,2024-03-25,Operations,Other Income,Income,Other Income - Operations - Mar 2024,244.7
321,2024-03-26,IT,Utilities,Expense,Utilities - IT - Mar 2024,224.59
322,2024-03-26,HR,Rent,Expense,Rent - HR - Mar 2024,1200.0
323,2024-03-26,HR,Taxes,Expense,Taxes - HR - Mar 2024,2851.43
324,2024-03-27,Sales,Marketing Campaigns,Expense,Marketing Campaigns - Sales - Mar 2024,976.95
325,2024-03-27,Marketing,Utilities,Expense,Utilities - Marketing - Mar 2024,214.72
326,2024-03-27,Operations,Other Income,Income,Other Income - Operations - Mar 2024,459.59
327,2024-03-27,Sales,Service Revenue,Income,Service Revenue - Sales - Mar 2024,4964.48
328,2024-03-27,Marketing,Marketing Campaigns,Expense,Marketing Campaigns - Marketing - Mar 2024,586.85
329,2024-03-27,Admin,Taxes,Expense,Taxes - Admin - Mar 2024,4556.22
330,2024-03-27,Sales,Other Income,Income,Other Income - Sales - Mar 2024,307.94
331,2024-03-27,HR,Professional Services,Expense,Professional Services - HR - Mar 2024,2555.6
332,2024-03-27,Sales,Marketing Campaigns,Expense,Marketing Campaigns - Sales - Mar 2024,1139.89
333,2024-03-27,HR,Salaries,Expense,Salaries - HR - Mar 2024,6448.11
334,2024-03-28,Marketing,Marketing Campaigns,Expense,Marketing Campaigns - Marketing - Mar 2024,2835.75
335,2024-03-28,Sales,Product Sales  ,Income,Product Sales - Sales - Mar 2024,781.78
336,2024-03-28,Sales,service revenue,Income,Service Revenue - Sales - Mar 2024,1242.63
337,2024-03-28,Sales,Other Income,Income,Other Income - Sales - Mar 2024,1451.93
338,2024-03-29,Sales,Utilities,Expense,Utilities - Sales - Mar 2024,316.18
339,2024-03-29,Operations,Product Sales,Income,Product Sales - Operations - Mar 2024,3212.83
340,2024-03-29,Sales,Consulting Fees,Income,Consulting Fees - Sales - Mar 2024,5997.63
341,2024-03-29,Operations,Consulting Fees,Income,Consulting Fees - Operations - Mar 2024,3631.38
342,2024-03-30,Sales,Product Sales,Income,Product Sales - Sales - Mar 2024,6962.68
343,2024-03-31,Marketing,Salaries,Expense,Salaries - Marketing - Mar 2024,4183.89
344,2024-03-31,Operations,Other Income,Income,Other Income - Operations - Mar 2024,230.36
345,2024-03-31,Sales,Office Supplies,Expense,Office Supplies - Sales - Mar 2024,227.64
346,2024-03-31,Sales,Other Income,Income,Other Income - Sales - Mar 2024,1210.01
347,2024-04-01,Sales,Product Sales,Income,Product Sales - Sales - Apr 2024,5313.01
348,2024-04-01,Sales,Consulting Fees,Income,Consulting Fees - Sales - Apr 2024,2650.44
349,2024-04-01,Operations,Product Sales  ,Income,Product Sales - Operations - Apr 2024,2939.4
350,2024-04-01,Operations,Utilities,Expense,Utilities - Operations - Apr 2024,532.81
351,2024-04-01,Sales,Product Sales,Income,Product Sales - Sales - Apr 2024,2800.82
352,2024-04-02,HR,Salaries,Expense,Salaries - HR - Apr 2024,4425.67
353,2024-04-02,Admin,Maintenance,Expense,Maintenance - Admin - Apr 2024,805.27
354,2024-04-02,Sales,Product Sales,Income,,1190.5
355,2024-04-02,Admin,Taxes,Expense,Taxes - Admin - Apr 2024,2528.09
356,2024-04-03,Sales,Marketing Campaigns,Expense,Marketing Campaigns - Sales - Apr 2024,1850.73
357,2024-04-03,Sales,Service Revenue,Income,Service Revenue - Sales - Apr 2024,778.9
358,2024-04-03,Marketing,Maintenance,Expense,Maintenance - Marketing - Apr 2024,725.72
359,2024-04-03,Sales,Professional Services,Expense,Professional Services - Sales - Apr 2024,1515.69
360,2024-04-04,IT,Salaries,Expense,Salaries - IT - Apr 2024,3500.85
361,2024-04-04,Sales,Product Sales,Income,Product Sales - Sales - Apr 2024,5546.54
362,2024-04-04,Marketing,Maintenance,Expense,Maintenance - Marketing - Apr 2024,280.32
363,2024-04-04,Admin,Salaries,Expense,Salaries - Admin - Apr 2024,8445.37
364,2024-04-04,IT,Rent,Expense,Rent - IT - Apr 2024,1200.0
365,2024-04-05,Sales,Other Income,Income,Other Income - Sales - Apr 2024,412.44
366,2024-04-05,Operations,Service Revenue,Income,Service Revenue - Operations - Apr 2024,4729.9
367,2024-04-05,IT,Travel,Expense,Travel - IT - Apr 2024,618.54
368,2024-04-05,HR,Taxes,Expense,Taxes - HR - Apr 2024,598.61
369,2024-04-05,Sales,Product Sales,Income,Product Sales - Sales - Apr 2024,6233.31
370,2024-04-06,Sales,Consulting Fees,Income,Consulting Fees - Sales - Apr 2024,5110.13
371,2024-04-07,Sales,Product Sales,Income,Product Sales - Sales - Apr 2024,1702.74
372,2024-04-08,ADMIN,Office Supplies,Expense,Office Supplies - Admin - Apr 2024,319.98
373,2024-04-09,Sales,Product Sales,Income,Product Sales - Sales - Apr 2024,2089.21
374,2024-04-09,IT,Maintenance,Expense,Maintenance - IT - Apr 2024,758.75
375,2024-04-09,Marketing,Taxes,Expense,Taxes - Marketing - Apr 2024,1272.62
376,2024-04-10,Operations,Taxes,Expense,Taxes - Operations - Apr 2024,1945.23
377,2024-04-10,IT,Marketing Campaigns,Expense,Marketing Campaigns - IT - Apr 2024,2663.61
378,2024-04-10,Marketing,Utilities,Expense,Utilities - Marketing - Apr 2024,276.4
379,2024-04-10,Sales,Maintenance,Expense,Maintenance - Sales - Apr 2024,1011.54
380,2024-04-10,IT,Utilities,Expense,Utilities - IT - Apr 2024,402.31
381,2024-04-10,Sales,Utilities,Expense,Utilities - Sales - Apr 2024,241.94
382,2024-04-10,Sales,Utilities,Expense,Utilities - Sales - Apr 2024,519.27
383,2024-04-11,SALES,Other Income,Income,Other Income - Sales - Apr 2024,62.13
384,2024-04-11,Sales,Professional Services,Expense,Professional Services - Sales - Apr 2024,1868.74
385,2024-04-12,HR,Taxes,Expense,Taxes - HR - Apr 2024,3632.7
386,2024-04-12,Sales,Other Income,Income,Other Income - Sales - Apr 2024,616.59
387,2024-04-12,Marketing,Software Subscriptions,Expense,Software Subscriptions - Marketing - Apr 2024,580.18
388,2024-04-12,Operations,Professional Services,Expense,Professional Services - Operations - Apr 2024,952.05
389,2024-04-12,Admin,Professional Services,Expense,Professional Services - Admin - Apr 2024,1012.97
390,2024-04-13,IT,Travel,Expense,Travel - IT - Apr 2024,735.12
391,2024-04-15,Operations,Service Revenue,Income,Service Revenue - Operations - Apr 2024,2251.63
392,2024-04-15,IT,Maintenance,Expense,Maintenance - IT - Apr 2024,424.08
393,2024-04-15,HR,Office Supplies,Expense,Office Supplies - HR - Apr 2024,56.07
394,2024-04-17,Operations,Travel,Expense,Travel - Operations - Apr 2024,2172.74
395,2024-04-17,Sales,Rent,Expense,Rent - Sales - Apr 2024,1200.0
396,2024-04-17,Operations,Utilities,Expense,Utilities - Operations - Apr 2024,540.78
397,2024-04-17,Sales,Taxes,Expense,Taxes - Sales - Apr 2024,2996.09
398,2024-04-17,Operations,travel,Expense,Travel - Operations - Apr 2024,2109.09
399,2024-04-17,Sales,other income,Income,Other Income - Sales - Apr 2024,998.8
400,2024-04-17,IT,Utilities,Expense,Utilities - IT - Apr 2024,411.43
401,2024-04-18,HR,Travel,Expense,Travel - HR - Apr 2024,511.44
402,2024-04-18,Admin,Rent,Expense,Rent - Admin - Apr 2024,1200.0
403,2024-04-18,Marketing,Marketing Campaigns,Expense,Marketing Campaigns - Marketing - Apr 2024,320.63
404,2024-04-18,Operations,Travel,Expense,Travel - Operations - Apr 2024,1303.78
405,2024-04-19,Marketing,Taxes,Expense,Taxes - Marketing - Apr 2024,4140.61
406,2024-04-19,IT,Marketing Campaigns,Expense,Marketing Campaigns - IT - Apr 2024,1520.53
407,2024-04-19,Sales,Consulting Fees,Income,Consulting Fees - Sales - Apr 2024,4904.93
408,2024-04-19,Operations,Consulting Fees,Income,Consulting Fees - Operations - Apr 2024,1565.83
409,2024-04-19,HR,Maintenance,Expense,Maintenance - HR - Apr 2024,302.66
410,2024-04-19,Admin,Travel,Expense,Travel - Admin - Apr 2024,1796.02
411,2024-04-21,Marketing,Salaries,Expense,Salaries - Marketing - Apr 2024,5092.23
412,2024-04-22,Sales,Service Revenue,Income,Service Revenue - Sales - Apr 2024,2513.08
413,2024-04-22,OPERATIONS,Service Revenue,Income,Service Revenue - Operations - Apr 2024,3166.73
414,2024-04-22,Sales,Product Sales,Income,Product Sales - Sales - Apr 2024,1640.36
415,2024-04-22,Admin,Marketing Campaigns,Expense,Marketing Campaigns - Admin - Apr 2024,1148.74
416,2024-04-22,SALES,Product Sales,Income,Product Sales - Sales - Apr 2024,5970.98
417,2024-04-22,Marketing,Travel,Expense,Travel - Marketing - Apr 2024,1269.44
418,2024-04-22,HR,Office Supplies,Expense,Office Supplies - HR - Apr 2024,70.03
419,2024-04-22,Sales,Consulting Fees,Income,Consulting Fees - Sales - Apr 2024,4628.45
420,2024-04-22,Operations,Travel,Expense,Travel - Operations - Apr 2024,1776.47
421,2024-04-22,Admin,Office Supplies,Expense,Office Supplies - Admin - Apr 2024,388.57
422,2024-04-23,Sales,Utilities,Expense,Utilities - Sales - Apr 2024,426.81
423,2024-04-23,Operations,Product Sales  ,Income,Product Sales - Operations - Apr 2024,3786.34
424,2024-04-23,Operations,Product Sales,Income,Product Sales - Operations - Apr 2024,6300.36
425,2024-04-23,Sales,Consulting Fees,Income,Consulting Fees - Sales - Apr 2024,4704.0
426,2024-04-24,Sales,Office Supplies,Expense,Office Supplies - Sales - Apr 2024,53.27
427,2024-04-24,Operations,Utilities,Expense,Utilities - Operations - Apr 2024,436.69
428,2024-04-24,Admin,Utilities,Expense,,377.85
429,2024-04-25,Marketing,Rent,Expense,Rent - Marketing - Apr 2024,1200.0
430,2024-04-25,Operations,Product Sales,Income,Product Sales - Operations - Apr 2024,5972.84
431,2024-04-25,Sales,taxes,Expense,Taxes - Sales - Apr 2024,4736.9
432,2024-04-25,Sales,Salaries,Expense,Salaries - Sales - Apr 2024,2622.93
433,2024-04-25,Operations,Product Sales,Income,Product Sales - Operations - Apr 2024,2299.92
434,2024-04-25,Sales,Other Income,Income,Other Income - Sales - Apr 2024,732.89
435,2024-04-26,Sales,Professional Services,Expense,Professional Services - Sales - Apr 2024,743.89
436,2024-04-26,Operations,Consulting Fees,Income,Consulting Fees - Operations - Apr 2024,5644.09
437,2024-04-26,Sales,Product Sales,Income,Product Sales - Sales - Apr 2024,1120.51
438,2024-04-26,Sales,Service Revenue,Income,Service Revenue - Sales - Apr 2024,1309.07
439,2024-04-27,Sales,Consulting Fees,Income,Consulting Fees - Sales - Apr 2024,4690.44
440,2024-04-28,Sales,Consulting Fees,Income,Consulting Fees - Sales - Apr 2024,1074.38
441,2024-04-29,Sales,Product Sales,Income,Product Sales - Sales - Apr 2024,3300.93
442,2024-04-29,Operations,Utilities,Expense,Utilities - Operations - Apr 2024,184.56
443,2024-04-29,Sales,Other Income,Income,Other Income - Sales - Apr 2024,947.9
444,2024-04-29,Sales,Consulting Fees,Income,Consulting Fees - Sales - Apr 2024,1525.91
445,2024-04-29,IT,Salaries,Expense,Salaries - IT - Apr 2024,5901.17
446,2024-04-29,Sales,Product Sales  ,Income,Product Sales - Sales - Apr 2024,7503.12
447,2024-04-30,Sales,Other Income,Income,Other Income - Sales - Apr 2024,1365.51
448,2024-04-30,Operations,Consulting Fees,Income,Consulting Fees - Operations - Apr 2024,4603.73
449,2024-04-30,Admin,Professional Services,Expense,Professional Services - Admin - Apr 2024,1071.39
450,2024-05-01,Marketing,Taxes,Expense,Taxes - Marketing - May 2024,878.57
451,2024-05-01,Sales,Service Revenue,Income,Service Revenue - Sales - May 2024,1398.92
452,2024-05-01,Admin,Software Subscriptions,Expense,Software Subscriptions - Admin - May 2024,297.28
453,2024-05-01,Marketing,Taxes,Expense,Taxes - Marketing - May 2024,4298.96
454,2024-05-01,Admin,Maintenance,Expense,Maintenance - Admin - May 2024,976.24
455,2024-05-01,Operations,Consulting Fees,Income,Consulting Fees - Operations - May 2024,5108.14
456,2024-05-01,Admin,Professional Services,Expense,Professional Services - Admin - May 2024,1929.53
457,2024-05-02,Operations,Rent  ,Expense,Rent - Operations - May 2024,1200.0
458,2024-05-02,Sales,other income,Income,Other Income - Sales - May 2024,577.96
459,2024-05-02,Admin,Maintenance,Expense,Maintenance - Admin - May 2024,1089.88
460,2024-05-02,Operations,Product Sales,Income,Product Sales - Operations - May 2024,2195.59
461,2024-05-03,HR,Software Subscriptions,Expense,Software Subscriptions - HR - May 2024,662.95
462,2024-05-03,Sales,Consulting Fees,Income,Consulting Fees - Sales - May 2024,1600.28
463,2024-05-03,Sales,Other Income,Income,Other Income - Sales - May 2024,898.02
464,2024-05-03,Sales,Consulting Fees,Income,Consulting Fees - Sales - May 2024,2345.89
465,2024-05-04,Sales,service revenue,Income,Service Revenue - Sales - May 2024,2815.22
466,2024-05-04,Marketing,Travel,Expense,Travel - Marketing - May 2024,381.47
467,2024-05-06,Sales,Taxes,Expense,Taxes - Sales - May 2024,3615.59
468,2024-05-06,Sales,Consulting Fees,Income,Consulting Fees - Sales - May 2024,3890.06
469,2024-05-06,HR,Salaries,Expense,Salaries - HR - May 2024,8229.39
470,2024-05-06,Marketing,Marketing Campaigns,Expense,Marketing Campaigns - Marketing - May 2024,590.8
471,2024-05-06,Operations,Travel,Expense,Travel - Operations - May 2024,2342.64
472,2024-05-07,Sales,Rent,Expense,,1200.0
473,2024-05-07,Sales,Service Revenue,Income,Service Revenue - Sales - May 2024,4257.47
474,2024-05-07,IT,Professional Services,Expense,Professional Services - IT - May 2024,2906.32
475,2024-05-08,Sales,Marketing Campaigns,Expense,Marketing Campaigns - Sales - May 2024,2349.83
476,2024-05-08,OPERATIONS,Consulting Fees,Income,Consulting Fees - Operations - May 2024,800.16
477,2024-05-08,Sales,Product Sales,Income,Product Sales - Sales - May 2024,3955.02
478,2024-05-08,IT,Utilities,Expense,Utilities - IT - May 2024,264.14
479,2024-05-08,IT,Marketing Campaigns,Expense,Marketing Campaigns - IT - May 2024,2961.99
480,2024-05-08,Sales,Office Supplies,Expense,Office Supplies - Sales - May 2024,280.16
481,2024-05-09,Sales,Consulting Fees,Income,Consulting Fees - Sales - May 2024,5934.15
482,2024-05-09,Sales,Taxes,Expense,Taxes - Sales - May 2024,2644.08
483,2024-05-09,Sales,Consulting Fees,Income,Consulting Fees - Sales - May 2024,4640.23
484,2024-05-09,IT,Utilities,Expense,Utilities - IT - May 2024,478.61
485,2024-05-10,Operations,Other Income,Income,Other Income - Operations - May 2024,1389.96
486,2024-05-10,Sales,Service Revenue,Income,Service Revenue - Sales - May 2024,3368.86
487,2024-05-10,Sales,Consulting Fees,Income,Consulting Fees - Sales - May 2024,3224.14
488,2024-05-10,Sales,Consulting Fees,Income,Consulting Fees - Sales - May 2024,3844.93
489,2024-05-10,Operations,taxes,Expense,Taxes - Operations - May 2024,1830.49
490,2024-05-11,Sales,Product Sales,Income,Product Sales - Sales - May 2024,2381.59
491,2024-05-11,Sales,Other Income,Income,Other Income - Sales - May 2024,290.78
492,2024-05-12,HR,Software Subscriptions,Expense,Software Subscriptions - HR - May 2024,414.57
493,2024-05-12,Sales,Product Sales,Income,Product Sales - Sales - May 2024,1635.74
494,2024-05-12,Sales,Product Sales,Income,Product Sales - Sales - May 2024,5567.16
495,2024-05-13,Sales,Consulting Fees,Income,Consulting Fees - Sales - May 2024,5323.68
496,2024-05-13,Sales,Other Income,Income,Other Income - Sales - May 2024,833.4
497,2024-05-14,Sales,Product Sales,Income,Product Sales - Sales - May 2024,6765.29
498,2024-05-14,Sales,Service Revenue,Income,Service Revenue - Sales - May 2024,3326.6
499,2024-05-14,Sales,Consulting Fees,Income,Consulting Fees - Sales - May 2024,5692.58
500,2024-05-14,Sales,Service Revenue  ,Income,Service Revenue - Sales - May 2024,2506.74
501,2024-05-14,IT,travel,Expense,Travel - IT - May 2024,2458.05
502,2024-05-15,Sales,Service Revenue,Income,Service Revenue - Sales - May 2024,580.06
503,2024-05-15,ADMIN,Software Subscriptions,Expense,Software Subscriptions - Admin - May 2024,390.3
504,2024-05-15,Sales,Product Sales,Income,Product Sales - Sales - May 2024,592.56
505,2024-05-16,Sales,Other Income,Income,Other Income - Sales - May 2024,296.32
506,2024-05-16,Marketing,marketing campaigns,Expense,Marketing Campaigns - Marketing - May 2024,872.91
507,2024-05-16,HR,Salaries,Expense,Salaries - HR - May 2024,2540.31
508,2024-05-16,Operations,Service Revenue,Income,Service Revenue - Operations - May 2024,4164.99
509,2024-05-16,Sales,Consulting Fees,Income,Consulting Fees - Sales - May 2024,5945.43
510,2024-05-16,Sales,Other Income,Income,Other Income - Sales - May 2024,882.11
511,2024-05-17,Sales,Service Revenue,Income,Service Revenue - Sales - May 2024,4048.32
512,2024-05-17,Operations,Product Sales,Income,Product Sales - Operations - May 2024,5355.93
513,2024-05-17,Admin,Salaries,Expense,Salaries - Admin - May 2024,4867.71
514,2024-05-18,Sales,Marketing Campaigns,Expense,Marketing Campaigns - Sales - May 2024,3492.41
515,2024-05-19,Sales,Other Income,Income,Other Income - Sales - May 2024,1029.41
516,2024-05-19,Admin,Professional Services,Expense,Professional Services - Admin - May 2024,1404.53
517,2024-05-20,IT,Rent,Expense,Rent - IT - May 2024,1200.0
518,2024-05-20,Marketing,Salaries  ,Expense,Salaries - Marketing - May 2024,6858.12
519,2024-05-20,Operations,Rent,Expense,Rent - Operations - May 2024,1200.0
520,2024-05-20,Marketing,Professional Services,Expense,Professional Services - Marketing - May 2024,2449.86
521,2024-05-21,Marketing,Rent,Expense,Rent - Marketing - May 2024,1200.0
522,2024-05-21,Sales,Service Revenue,Income,Service Revenue - Sales - May 2024,1149.69
523,2024-05-21,Sales,Taxes,Expense,Taxes - Sales - May 2024,803.2
524,2024-05-21,Sales,Other Income,Income,Other Income - Sales - May 2024,71.18
525,2024-05-22,IT,Travel,Expense,Travel - IT - May 2024,300.94
526,2024-05-22,Operations,Professional Services,Expense,Professional Services - Operations - May 2024,671.6
527,2024-05-22,IT,Rent,Expense,Rent - IT - May 2024,1200.0
528,2024-05-22,Sales,Taxes,Expense,Taxes - Sales - May 2024,4602.77
529,2024-05-23,Operations,Taxes,Expense,Taxes - Operations - May 2024,1162.52
530,2024-05-23,Operations,Consulting Fees,Income,Consulting Fees - Operations - May 2024,5591.87
531,2024-05-23,Sales,Consulting Fees,Income,Consulting Fees - Sales - May 2024,5772.72
532,2024-05-23,Sales,Other Income,Income,Other Income - Sales - May 2024,919.95
533,2024-05-23,Operations,Service Revenue,Income,Service Revenue - Operations - May 2024,3544.52
534,2024-05-23,HR,Utilities,Expense,Utilities - HR - May 2024,287.72
535,2024-05-24,Sales,Marketing Campaigns,Expense,Marketing Campaigns - Sales - May 2024,2268.18
536,2024-05-24,HR,Maintenance,Expense,Maintenance - HR - May 2024,829.38
537,2024-05-24,Sales,Office Supplies,Expense,Office Supplies - Sales - May 2024,53.5
538,2024-05-24,IT,Salaries,Expense,Salaries - IT - May 2024,5226.29
539,2024-05-24,HR,Salaries,Expense,Salaries - HR - May 2024,4129.69
540,2024-05-24,Operations,Rent,Expense,Rent - Operations - May 2024,1200.0
541,2024-05-24,Sales,Consulting Fees,Income,Consulting Fees - Sales - May 2024,5375.56
542,2024-05-26,IT,Software Subscriptions,Expense,Software Subscriptions - IT - May 2024,741.33
543,2024-05-26,Sales,Service Revenue,Income,Service Revenue - Sales - May 2024,4674.87
544,2024-05-28,Sales,Product Sales,Income,Product Sales - Sales - May 2024,1108.73
545,2024-05-28,HR,Professional Services,Expense,Professional Services - HR - May 2024,2323.32
546,2024-05-28,HR,Salaries,Expense,Salaries - HR - May 2024,6938.94
547,2024-05-28,Admin,Office Supplies,Expense,Office Supplies - Admin - May 2024,340.67
548,2024-05-29,Operations,Consulting Fees,Income,Consulting Fees - Operations - May 2024,3312.81
549,2024-05-29,Sales,software subscriptions,Expense,Software Subscriptions - Sales - May 2024,495.16
550,2024-05-29,Admin,Marketing Campaigns,Expense,Marketing Campaigns - Admin - May 2024,3344.59
551,2024-05-30,Operations,Service Revenue,Income,Service Revenue - Operations - May 2024,2071.27
552,2024-05-30,Sales,Rent,Expense,Rent - Sales - May 2024,1200.0
553,2024-05-31,Sales,Consulting Fees,Income,Consulting Fees - Sales - May 2024,5240.5
554,2024-05-31,IT,Travel,Expense,Travel - IT - May 2024,2453.91
555,2024-05-31,IT,Salaries,Expense,Salaries - IT - May 2024,7748.75
556,2024-06-01,Sales,Taxes,Expense,Taxes - Sales - Jun 2024,1374.23
557,2024-06-03,Sales,Service Revenue,Income,Service Revenue - Sales - Jun 2024,1286.52
558,2024-06-03,Operations,Product Sales,Income,Product Sales - Operations - Jun 2024,1558.99
559,2024-06-03,Sales,Consulting Fees,Income,Consulting Fees - Sales - Jun 2024,4068.55
560,2024-06-04,Operations,Professional Services,Expense,Professional Services - Operations - Jun 2024,1147.92
561,2024-06-04,Operations,Salaries,Expense,Salaries - Operations - Jun 2024,5016.01
562,2024-06-04,Sales,Taxes,Expense,Taxes - Sales - Jun 2024,1677.88
563,2024-06-04,Sales,Service Revenue,Income,Service Revenue - Sales - Jun 2024,4457.05
564,2024-06-04,Sales,product sales,Income,Product Sales - Sales - Jun 2024,7176.77
565,2024-06-04,Sales,Product Sales,Income,,1104.36
566,2024-06-04,Sales,Maintenance,Expense,Maintenance - Sales - Jun 2024,403.83
567,2024-06-04,Sales,Consulting Fees,Income,Consulting Fees - Sales - Jun 2024,2944.31
568,2024-06-04,Operations,Salaries,Expense,Salaries - Operations - Jun 2024,3352.12
569,2024-06-04,Marketing,Utilities,Expense,Utilities - Marketing - Jun 2024,256.87
570,2024-06-05,Admin,Marketing Campaigns,Expense,Marketing Campaigns - Admin - Jun 2024,3456.46
571,2024-06-05,Marketing,Marketing Campaigns,Expense,Marketing Campaigns - Marketing - Jun 2024,404.37
572,2024-06-05,Admin,Rent,Expense,Rent - Admin - Jun 2024,1200.0
573,2024-06-05,Operations,Service Revenue,Income,Service Revenue - Operations - Jun 2024,1671.98
574,2024-06-05,HR,Taxes,Expense,Taxes - HR - Jun 2024,3125.4
575,2024-06-05,HR,Salaries,Expense,Salaries - HR - Jun 2024,8285.69
576,2024-06-06,Operations,Software Subscriptions,Expense,Software Subscriptions - Operations - Jun 2024,188.18
577,2024-06-06,Operations,Product Sales,Income,Product Sales - Operations - Jun 2024,4385.58
578,2024-06-06,Operations,Consulting Fees,Income,Consulting Fees - Operations - Jun 2024,4540.08
579,2024-06-06,Sales,Service Revenue,Income,Service Revenue - Sales - Jun 2024,4114.39
580,2024-06-06,Marketing,Rent,Expense,Rent - Marketing - Jun 2024,1200.0
581,2024-06-06,Sales,Professional Services,Expense,Professional Services - Sales - Jun 2024,1926.67
582,2024-06-06,Marketing,Maintenance,Expense,Maintenance - Marketing - Jun 2024,940.58
583,2024-06-07,Sales,Service Revenue,Income,Service Revenue - Sales - Jun 2024,1862.41
584,2024-06-07,Sales,Taxes,Expense,Taxes - Sales - Jun 2024,3040.88
585,2024-06-07,Marketing,Salaries,Expense,Salaries - Marketing - Jun 2024,7907.95
586,2024-06-07,Marketing,taxes,Expense,Taxes - Marketing - Jun 2024,4642.41
587,2024-06-07,Operations,Product Sales,Income,Product Sales - Operations - Jun 2024,3926.13
588,2024-06-07,Sales,Other Income,Income,Other Income - Sales - Jun 2024,1460.07
589,2024-06-07,Marketing,Professional Services,Expense,Professional Services - Marketing - Jun 2024,621.87
590,2024-06-08,HR,Office Supplies,Expense,Office Supplies - HR - Jun 2024,84.51
591,2024-06-09,Sales,Service Revenue,Income,Service Revenue - Sales - Jun 2024,2721.93
592,2024-06-09,Marketing,Rent,Expense,Rent - Marketing - Jun 2024,1200.0
593,2024-06-10,Sales,Service Revenue,Income,Service Revenue - Sales - Jun 2024,1755.55
594,2024-06-10,Sales,Product Sales,Income,Product Sales - Sales - Jun 2024,3297.5
595,2024-06-10,Sales,Product Sales,Income,Product Sales - Sales - Jun 2024,7884.91
596,2024-06-10,HR,Software Subscriptions,Expense,Software Subscriptions - HR - Jun 2024,306.58
597,2024-06-11,Sales,Consulting Fees,Income,Consulting Fees - Sales - Jun 2024,4701.72
598,2024-06-11,Sales,consulting fees,Income,Consulting Fees - Sales - Jun 2024,3801.52
599,2024-06-11,Sales,Other Income,Income,Other Income - Sales - Jun 2024,134.76
600,2024-06-11,Sales,consulting fees,Income,Consulting Fees - Sales - Jun 2024,2935.8
601,2024-06-11,HR,Maintenance,Expense,Maintenance - HR - Jun 2024,439.63
602,2024-06-11,Sales,Consulting Fees,Income,Consulting Fees - Sales - Jun 2024,4640.44
603,2024-06-11,Sales,Service Revenue,Income,Service Revenue - Sales - Jun 2024,2314.63
604,2024-06-11,Sales,Professional Services,Expense,Professional Services - Sales - Jun 2024,1180.8
605,2024-06-12,IT,Travel,Expense,Travel - IT - Jun 2024,905.96
606,2024-06-12,IT,Maintenance,Expense,Maintenance - IT - Jun 2024,1077.3
607,2024-06-12,Sales,Utilities,Expense,Utilities - Sales - Jun 2024,384.7
608,2024-06-12,Sales,Product Sales,Income,Product Sales - Sales - Jun 2024,645.86
609,2024-06-12,HR,Marketing Campaigns,Expense,Marketing Campaigns - HR - Jun 2024,1331.87
610,2024-06-12,IT,Travel,Expense,Travel - IT - Jun 2024,2432.43
611,2024-06-12,IT,Salaries,Expense,Salaries - IT - Jun 2024,2778.06
612,2024-06-12,Operations,Service Revenue,Income,Service Revenue - Operations - Jun 2024,1912.23
613,2024-06-13,Sales,Utilities,Expense,Utilities - Sales - Jun 2024,156.15
614,2024-06-13,Sales,Taxes,Expense,Taxes - Sales - Jun 2024,3103.44
615,2024-06-13,Sales,Other Income,Income,Other Income - Sales - Jun 2024,176.1
616,2024-06-13,Operations,Salaries,Expense,Salaries - Operations - Jun 2024,6376.51
617,2024-06-13,Marketing,Salaries,Expense,Salaries - Marketing - Jun 2024,2168.29
618,2024-06-13,Operations,Consulting Fees,Income,Consulting Fees - Operations - Jun 2024,2030.92
619,2024-06-13,Admin,Professional Services,Expense,Professional Services - Admin - Jun 2024,1033.49
620,2024-06-14,Sales,Product Sales,Income,Product Sales - Sales - Jun 2024,7002.95
621,2024-06-14,HR,Marketing Campaigns,Expense,Marketing Campaigns - HR - Jun 2024,1427.36
622,2024-06-14,Marketing,Travel,Expense,Travel - Marketing - Jun 2024,1326.63
623,2024-06-14,Admin,Rent,Expense,Rent - Admin - Jun 2024,1200.0
624,2024-06-14,Sales,Office Supplies,Expense,Office Supplies - Sales - Jun 2024,60.44
625,2024-06-15,IT,Professional Services,Expense,Annual server infrastructure upgrade,18500.0
626,2024-06-16,Admin,Rent,Expense,Rent - Admin - Jun 2024,1200.0
627,2024-06-16,Admin,taxes,Expense,Taxes - Admin - Jun 2024,4038.49
628,2024-06-17,Sales,Product Sales,Income,Product Sales - Sales - Jun 2024,3108.67
629,2024-06-17,Sales,Product Sales,Income,Product Sales - Sales - Jun 2024,5918.09
630,2024-06-17,Admin,Marketing Campaigns,Expense,Marketing Campaigns - Admin - Jun 2024,1118.3
631,2024-06-17,SALES,Office Supplies,Expense,Office Supplies - Sales - Jun 2024,281.15
632,2024-06-17,Sales,Consulting Fees,Income,Consulting Fees - Sales - Jun 2024,5304.41
633,2024-06-18,Sales,Maintenance,Expense,Maintenance - Sales - Jun 2024,576.66
634,2024-06-18,Sales,Consulting Fees,Income,Consulting Fees - Sales - Jun 2024,4555.52
635,2024-06-18,HR,Rent,Expense,Rent - HR - Jun 2024,1200.0
636,2024-06-19,Operations,Office Supplies,Expense,Office Supplies - Operations - Jun 2024,262.86
637,2024-06-19,Sales,Product Sales,Income,Product Sales - Sales - Jun 2024,1501.51
638,2024-06-19,Operations,Office Supplies,Expense,Office Supplies - Operations - Jun 2024,284.74
639,2024-06-19,Sales,Service Revenue,Income,Service Revenue - Sales - Jun 2024,3049.67
640,2024-06-19,Sales,Product Sales,Income,Product Sales - Sales - Jun 2024,3762.61
641,2024-06-19,HR,Maintenance,Expense,Maintenance - HR - Jun 2024,713.96
642,2024-06-19,IT,Travel,Expense,Travel - IT - Jun 2024,2087.65
643,2024-06-20,Operations,Office Supplies,Expense,Office Supplies - Operations - Jun 2024,243.58
644,2024-06-20,IT,Rent,Expense,Rent - IT - Jun 2024,1200.0
645,2024-06-20,Sales,Other Income,Income,Other Income - Sales - Jun 2024,572.09
646,2024-06-20,Sales,Other Income  ,Income,Other Income - Sales - Jun 2024,547.43
647,2024-06-20,Marketing,Travel,Expense,Travel - Marketing - Jun 2024,1285.55
648,2024-06-21,Marketing,Software Subscriptions,Expense,Software Subscriptions - Marketing - Jun 2024,807.01
649,2024-06-21,Operations,Product Sales,Income,Product Sales - Operations - Jun 2024,2630.44
650,2024-06-21,Admin,Taxes,Expense,Taxes - Admin - Jun 2024,3889.03
651,2024-06-21,HR,Software Subscriptions,Expense,Software Subscriptions - HR - Jun 2024,691.23
652,2024-06-21,Admin,maintenance,Expense,Maintenance - Admin - Jun 2024,193.6
653,2024-06-22,Sales,Consulting Fees,Income,Consulting Fees - Sales - Jun 2024,3931.73
654,2024-06-22,HR,Marketing Campaigns,Expense,Marketing Campaigns - HR - Jun 2024,3433.24
655,2024-06-22,Operations,Utilities,Expense,Utilities - Operations - Jun 2024,470.5
656,2024-06-24,Operations,Salaries,Expense,Salaries - Operations - Jun 2024,2750.56
657,2024-06-24,Operations,Salaries,Expense,Salaries - Operations - Jun 2024,5283.42
658,2024-06-24,Sales,Professional Services,Expense,Professional Services - Sales - Jun 2024,1247.1
659,2024-06-24,Sales,Rent,Expense,Rent - Sales - Jun 2024,1200.0
660,2024-06-24,Operations,Service Revenue,Income,Service Revenue - Operations - Jun 2024,1224.34
661,2024-06-25,Sales,Professional Services,Expense,Professional Services - Sales - Jun 2024,1446.92
662,2024-06-25,Sales,Service Revenue  ,Income,Service Revenue - Sales - Jun 2024,3688.96
663,2024-06-25,Sales,Software Subscriptions,Expense,Software Subscriptions - Sales - Jun 2024,791.03
664,2024-06-25,IT,travel,Expense,Travel - IT - Jun 2024,142.41
665,2024-06-25,Operations,Travel,Expense,Travel - Operations - Jun 2024,416.34
666,2024-06-25,Sales,Other Income,Income,Other Income - Sales - Jun 2024,759.4
667,2024-06-26,MARKETING,Office Supplies,Expense,Office Supplies - Marketing - Jun 2024,26.43
668,2024-06-26,Operations,Consulting Fees,Income,Consulting Fees - Operations - Jun 2024,4246.87
669,2024-06-26,Sales,Professional Services,Expense,Professional Services - Sales - Jun 2024,466.76
670,2024-06-26,Sales,Service Revenue,Income,Service Revenue - Sales - Jun 2024,734.88
671,2024-06-27,Sales,Service Revenue,Income,Service Revenue - Sales - Jun 2024,566.14
672,2024-06-28,Sales,service revenue,Income,Service Revenue - Sales - Jun 2024,3036.52
673,2024-06-28,Operations,Other Income,Income,Other Income - Operations - Jun 2024,913.35
674,2024-06-28,Sales,Other Income,Income,Other Income - Sales - Jun 2024,91.76
675,2024-06-28,Sales,Rent,Expense,Rent - Sales - Jun 2024,1200.0
676,2024-06-28,Sales,Consulting Fees,Income,,844.82
677,2024-06-29,HR,Travel,Expense,Travel - HR - Jun 2024,1018.97
678,2024-06-29,Sales,Salaries,Expense,Salaries - Sales - Jun 2024,5788.67
679,2024-06-30,Marketing,Salaries,Expense,Salaries - Marketing - Jun 2024,8082.71
680,2024-06-30,Sales,Consulting Fees,Income,Consulting Fees - Sales - Jun 2024,1932.17
681,2024-07-01,Sales,Product Sales,Income,Product Sales - Sales - Jul 2024,1734.25
682,2024-07-01,Sales,Other Income,Income,Other Income - Sales - Jul 2024,1289.99
683,2024-07-01,ADMIN,Utilities,Expense,Utilities - Admin - Jul 2024,260.45
684,2024-07-01,Sales,Product Sales,Income,Product Sales - Sales - Jul 2024,2981.86
685,2024-07-01,Sales,Consulting Fees,Income,Consulting Fees - Sales - Jul 2024,4103.38
686,2024-07-01,Marketing,Utilities,Expense,Utilities - Marketing - Jul 2024,302.33
687,2024-07-02,Operations,service revenue,Income,,379.75
688,2024-07-02,Operations,Software Subscriptions,Expense,Software Subscriptions - Operations - Jul 2024,281.56
689,2024-07-02,Sales,Consulting Fees,Income,Consulting Fees - Sales - Jul 2024,1496.93
690,2024-07-02,Sales,Product Sales,Income,Product Sales - Sales - Jul 2024,7308.21
691,2024-07-03,Admin,Marketing Campaigns,Expense,Marketing Campaigns - Admin - Jul 2024,2096.08
692,2024-07-03,Sales,Consulting Fees,Income,Consulting Fees - Sales - Jul 2024,4170.94
693,2024-07-03,IT,software subscriptions,Expense,Software Subscriptions - IT - Jul 2024,538.89
694,2024-07-03,Admin,Software Subscriptions,Expense,Software Subscriptions - Admin - Jul 2024,425.81
695,2024-07-04,HR,Maintenance,Expense,Maintenance - HR - Jul 2024,140.94
696,2024-07-04,Sales,Service Revenue,Income,Service Revenue - Sales - Jul 2024,3574.75
697,2024-07-05,Marketing,Professional Services,Expense,Professional Services - Marketing - Jul 2024,1276.02
698,2024-07-05,Operations,Consulting Fees,Income,Consulting Fees - Operations - Jul 2024,1636.47
699,2024-07-06,Sales,Travel,Expense,Travel - Sales - Jul 2024,1430.05
700,2024-07-07,Admin,Utilities,Expense,Utilities - Admin - Jul 2024,394.85
701,2024-07-07,Sales,Service Revenue,Income,Service Revenue - Sales - Jul 2024,3933.89
702,2024-07-08,Admin,Office Supplies,Expense,Office Supplies - Admin - Jul 2024,179.19
703,2024-07-08,Marketing,Taxes,Expense,Taxes - Marketing - Jul 2024,4182.35
704,2024-07-08,Admin,Taxes,Expense,Taxes - Admin - Jul 2024,1703.87
705,2024-07-08,HR,Professional Services,Expense,Professional Services - HR - Jul 2024,1168.14
706,2024-07-09,Operations,Consulting Fees,Income,Consulting Fees - Operations - Jul 2024,2793.62
707,2024-07-09,IT,Software Subscriptions,Expense,Software Subscriptions - IT - Jul 2024,204.62
708,2024-07-09,Operations,Rent,Expense,Rent - Operations - Jul 2024,1200.0
709,2024-07-10,Sales,Office Supplies,Expense,Office Supplies - Sales - Jul 2024,79.22
710,2024-07-10,Operations,Utilities,Expense,Utilities - Operations - Jul 2024,190.42
711,2024-07-10,SALES,Consulting Fees,Income,Consulting Fees - Sales - Jul 2024,3886.18
712,2024-07-10,HR,software subscriptions,Expense,Software Subscriptions - HR - Jul 2024,164.66
713,2024-07-10,Operations,Other Income,Income,Other Income - Operations - Jul 2024,640.74
714,2024-07-10,HR,Software Subscriptions,Expense,Software Subscriptions - HR - Jul 2024,660.56
715,2024-07-10,Operations,consulting fees,Income,Consulting Fees - Operations - Jul 2024,1629.61
716,2024-07-12,Admin,Software Subscriptions,Expense,Software Subscriptions - Admin - Jul 2024,615.61
717,2024-07-12,SALES,Service Revenue,Income,Service Revenue - Sales - Jul 2024,704.84
718,2024-07-12,Marketing,Rent,Expense,Rent - Marketing - Jul 2024,1200.0
719,2024-07-12,Operations,Product Sales,Income,Product Sales - Operations - Jul 2024,1410.29
720,2024-07-12,HR,Office Supplies,Expense,Office Supplies - HR - Jul 2024,66.86
721,2024-07-12,Operations,Taxes,Expense,Taxes - Operations - Jul 2024,4874.36
722,2024-07-12,Operations,Consulting Fees,Income,Consulting Fees - Operations - Jul 2024,879.62
723,2024-07-13,Sales,Product Sales,Income,Product Sales - Sales - Jul 2024,7556.6
724,2024-07-13,Admin,Office Supplies,Expense,Office Supplies - Admin - Jul 2024,158.54
725,2024-07-13,IT,Salaries,Expense,Salaries - IT - Jul 2024,5111.09
726,2024-07-13,IT,Rent,Expense,Rent - IT - Jul 2024,1200.0
727,2024-07-14,Sales,Other Income,Income,Other Income - Sales - Jul 2024,691.85
728,2024-07-15,Sales,Other Income,Income,Other Income - Sales - Jul 2024,331.97
729,2024-07-15,Sales,Other Income,Income,Other Income - Sales - Jul 2024,571.16
730,2024-07-15,Sales,Product Sales,Income,Product Sales - Sales - Jul 2024,7841.9
731,2024-07-15,Admin,Office Supplies,Expense,Office Supplies - Admin - Jul 2024,195.07
732,2024-07-15,Admin,Marketing Campaigns,Expense,Marketing Campaigns - Admin - Jul 2024,477.72
733,2024-07-15,Sales,Consulting Fees,Income,Consulting Fees - Sales - Jul 2024,995.15
734,2024-07-16,Marketing,Travel,Expense,Travel - Marketing - Jul 2024,771.44
735,2024-07-16,HR,Office Supplies,Expense,Office Supplies - HR - Jul 2024,248.2
736,2024-07-16,Operations,Rent,Expense,Rent - Operations - Jul 2024,1200.0
737,2024-07-16,Admin,Travel  ,Expense,Travel - Admin - Jul 2024,2345.26
738,2024-07-17,Sales,Other Income,Income,Other Income - Sales - Jul 2024,119.28
739,2024-07-17,Operations,Product Sales,Income,Product Sales - Operations - Jul 2024,6014.38
740,2024-07-17,Marketing,Professional Services,Expense,Professional Services - Marketing - Jul 2024,723.64
741,2024-07-17,HR,Taxes,Expense,Taxes - HR - Jul 2024,4467.36
742,2024-07-17,Operations,Office Supplies,Expense,Office Supplies - Operations - Jul 2024,122.17
743,2024-07-17,SALES,Rent,Expense,Rent - Sales - Jul 2024,1200.0
744,2024-07-18,Sales,Rent,Expense,Rent - Sales - Jul 2024,1200.0
745,2024-07-18,Operations,Service Revenue,Income,Service Revenue - Operations - Jul 2024,1805.4
746,2024-07-18,Operations,Other Income,Income,Other Income - Operations - Jul 2024,1052.1
747,2024-07-18,Operations,Service Revenue,Income,Service Revenue - Operations - Jul 2024,4689.96
748,2024-07-19,Sales,Other Income,Income,Other Income - Sales - Jul 2024,439.33
749,2024-07-19,HR,Travel,Expense,Travel - HR - Jul 2024,622.48
750,2024-07-20,Operations,Consulting Fees,Income,Consulting Fees - Operations - Jul 2024,4999.65
751,2024-07-20,IT,Rent,Expense,Rent - IT - Jul 2024,1200.0
752,2024-07-20,Sales,Consulting Fees,Income,Consulting Fees - Sales - Jul 2024,4062.03
753,2024-07-20,IT,Travel,Expense,Travel - IT - Jul 2024,976.88
754,2024-07-22,HR,Office Supplies,Expense,Office Supplies - HR - Jul 2024,78.84
755,2024-07-22,Admin,Travel,Expense,Travel - Admin - Jul 2024,114.08
756,2024-07-22,IT,Salaries,Expense,Salaries - IT - Jul 2024,2370.55
757,2024-07-22,HR,Professional Services,Expense,Professional Services - HR - Jul 2024,2911.79
758,2024-07-22,SALES,Service Revenue,Income,Service Revenue - Sales - Jul 2024,2377.71
759,2024-07-23,HR,Rent,Expense,Rent - HR - Jul 2024,1200.0
760,2024-07-23,Sales,Product Sales,Income,Product Sales - Sales - Jul 2024,6428.85
761,2024-07-23,Operations,Service Revenue,Income,Service Revenue - Operations - Jul 2024,436.88
762,2024-07-24,Marketing,Travel,Expense,Travel - Marketing - Jul 2024,2186.9
763,2024-07-24,Marketing,Professional Services,Expense,Professional Services - Marketing - Jul 2024,1302.43
764,2024-07-24,HR,Salaries,Expense,Salaries - HR - Jul 2024,7728.52
765,2024-07-24,Sales,Marketing Campaigns,Expense,Marketing Campaigns - Sales - Jul 2024,725.91
766,2024-07-25,HR,Software Subscriptions,Expense,Software Subscriptions - HR - Jul 2024,688.41
767,2024-07-25,Marketing,Travel,Expense,Travel - Marketing - Jul 2024,575.21
768,2024-07-25,Operations,Office Supplies,Expense,Office Supplies - Operations - Jul 2024,360.0
769,2024-07-25,Operations,Service Revenue,Income,Service Revenue - Operations - Jul 2024,608.22
770,2024-07-26,Admin,Maintenance,Expense,Maintenance - Admin - Jul 2024,651.63
771,2024-07-26,Admin,Software Subscriptions,Expense,Software Subscriptions - Admin - Jul 2024,490.73
772,2024-07-26,Marketing,Taxes,Expense,Taxes - Marketing - Jul 2024,4114.45
773,2024-07-28,Operations,Service Revenue,Income,Service Revenue - Operations - Jul 2024,4300.93
774,2024-07-28,Marketing,Office Supplies,Expense,Office Supplies - Marketing - Jul 2024,102.94
775,2024-07-29,Sales,Consulting Fees,Income,Consulting Fees - Sales - Jul 2024,3097.92
776,2024-07-29,Marketing,Software Subscriptions  ,Expense,Software Subscriptions - Marketing - Jul 2024,60.59
777,2024-07-29,Marketing,Rent,Expense,Rent - Marketing - Jul 2024,1200.0
778,2024-07-30,Sales,Maintenance,Expense,Maintenance - Sales - Jul 2024,51.64
779,2024-07-30,Sales,Product Sales,Income,Product Sales - Sales - Jul 2024,1698.12
780,2024-07-30,Sales,Consulting Fees,Income,Consulting Fees - Sales - Jul 2024,2174.36
781,2024-07-30,IT,Office Supplies,Expense,Office Supplies - IT - Jul 2024,299.98
782,2024-07-30,HR,Marketing Campaigns,Expense,Marketing Campaigns - HR - Jul 2024,1242.76
783,2024-07-30,Sales,Taxes,Expense,Taxes - Sales - Jul 2024,1865.77
784,2024-07-30,IT,Salaries,Expense,Salaries - IT - Jul 2024,5687.72
785,2024-07-31,Sales,Consulting Fees,Income,Consulting Fees - Sales - Jul 2024,4936.83
786,2024-07-31,Marketing,Travel,Expense,Travel - Marketing - Jul 2024,2020.37
787,2024-07-31,Operations,Service Revenue,Income,Service Revenue - Operations - Jul 2024,884.84
788,2024-07-31,Admin,Software Subscriptions,Expense,Software Subscriptions - Admin - Jul 2024,166.18
789,2024-07-31,Sales,Service Revenue,Income,Service Revenue - Sales - Jul 2024,3802.63
790,2024-07-31,Sales,Marketing Campaigns,Expense,Marketing Campaigns - Sales - Jul 2024,1061.68
791,2024-08-01,Operations,Service Revenue,Income,Service Revenue - Operations - Aug 2024,2255.53
792,2024-08-01,Operations,Maintenance,Expense,Maintenance - Operations - Aug 2024,789.88
793,2024-08-01,Marketing,Office Supplies,Expense,Office Supplies - Marketing - Aug 2024,62.42
794,2024-08-01,SALES,Product Sales,Income,Product Sales - Sales - Aug 2024,573.35
795,2024-08-01,Operations,Office Supplies,Expense,Office Supplies - Operations - Aug 2024,144.87
796,2024-08-01,Sales,Consulting Fees,Income,Consulting Fees - Sales - Aug 2024,2842.76
797,2024-08-01,Sales,Product Sales,Income,Product Sales - Sales - Aug 2024,1620.5
798,2024-08-02,Sales,Other Income,Income,Other Income - Sales - Aug 2024,1322.88
799,2024-08-02,HR,Taxes,Expense,Taxes - HR - Aug 2024,920.84
800,2024-08-02,Admin,Rent,Expense,,1200.0
801,2024-08-02,SALES,Product Sales,Income,Product Sales - Sales - Aug 2024,6224.71
802,2024-08-02,IT,Maintenance,Expense,Maintenance - IT - Aug 2024,157.07
803,2024-08-03,Operations,Office Supplies,Expense,Office Supplies - Operations - Aug 2024,70.34
804,2024-08-03,Sales,Service Revenue,Income,Service Revenue - Sales - Aug 2024,3127.93
805,2024-08-03,Admin,Rent,Expense,Rent - Admin - Aug 2024,1200.0
806,2024-08-04,Admin,professional services,Expense,Professional Services - Admin - Aug 2024,2473.05
807,2024-08-05,Sales,utilities,Expense,Utilities - Sales - Aug 2024,467.59
808,2024-08-05,Operations,Professional Services,Expense,Professional Services - Operations - Aug 2024,1345.39
809,2024-08-05,Sales,Product Sales,Income,Product Sales - Sales - Aug 2024,2597.55
810,2024-08-06,HR,Travel,Expense,,718.75
811,2024-08-06,Sales,Service Revenue,Income,Service Revenue - Sales - Aug 2024,649.81
812,2024-08-06,Sales,product sales,Income,Product Sales - Sales - Aug 2024,3529.82
813,2024-08-06,Marketing,Travel,Expense,,910.76
814,2024-08-06,Sales,Service Revenue  ,Income,Service Revenue - Sales - Aug 2024,4683.45
815,2024-08-06,IT,Rent,Expense,Rent - IT - Aug 2024,1200.0
816,2024-08-06,Operations,Salaries,Expense,Salaries - Operations - Aug 2024,2020.38
817,2024-08-06,Operations,Software Subscriptions,Expense,Software Subscriptions - Operations - Aug 2024,293.33
818,2024-08-07,Sales,other income,Income,Other Income - Sales - Aug 2024,1146.21
819,2024-08-07,Admin,office supplies,Expense,Office Supplies - Admin - Aug 2024,124.66
820,2024-08-07,Marketing,Marketing Campaigns,Expense,Marketing Campaigns - Marketing - Aug 2024,1388.42
821,2024-08-08,Marketing,Marketing Campaigns,Expense,Marketing Campaigns - Marketing - Aug 2024,1442.19
822,2024-08-08,Admin,Utilities,Expense,Utilities - Admin - Aug 2024,334.51
823,2024-08-08,ADMIN,Rent,Expense,Rent - Admin - Aug 2024,1200.0
824,2024-08-09,Marketing,Utilities,Expense,Utilities - Marketing - Aug 2024,200.87
825,2024-08-09,Sales,Consulting Fees,Income,Consulting Fees - Sales - Aug 2024,4810.37
826,2024-08-09,Sales,Service Revenue,Income,Service Revenue - Sales - Aug 2024,4820.87
827,2024-08-09,Admin,Office Supplies,Expense,Office Supplies - Admin - Aug 2024,331.78
828,2024-08-09,HR,Office Supplies,Expense,Office Supplies - HR - Aug 2024,176.15
829,2024-08-09,Admin,Maintenance,Expense,Maintenance - Admin - Aug 2024,1074.88
830,2024-08-09,Sales,Service Revenue,Income,Service Revenue - Sales - Aug 2024,1533.36
831,2024-08-11,Operations,Service Revenue,Income,Service Revenue - Operations - Aug 2024,688.87
832,2024-08-11,Sales,Travel,Expense,Travel - Sales - Aug 2024,1195.16
833,2024-08-11,Operations,Product Sales,Income,Product Sales - Operations - Aug 2024,5860.27
834,2024-08-12,HR,Taxes,Expense,Taxes - HR - Aug 2024,1943.2
835,2024-08-12,Sales,Service Revenue,Income,Service Revenue - Sales - Aug 2024,4139.9
836,2024-08-12,Operations,Product Sales,Income,Product Sales - Operations - Aug 2024,3755.37
837,2024-08-12,Sales,Consulting Fees,Income,Consulting Fees - Sales - Aug 2024,3296.56
838,2024-08-12,Sales,Product Sales,Income,Product Sales - Sales - Aug 2024,6234.83
839,2024-08-12,Sales,Taxes  ,Expense,Taxes - Sales - Aug 2024,2277.25
840,2024-08-13,Sales,Other Income,Income,Other Income - Sales - Aug 2024,952.7
841,2024-08-13,Admin,Software Subscriptions,Expense,Software Subscriptions - Admin - Aug 2024,866.82
842,2024-08-13,Operations,Other Income,Income,Other Income - Operations - Aug 2024,556.13
843,2024-08-13,Operations,Marketing Campaigns,Expense,Marketing Campaigns - Operations - Aug 2024,1175.39
844,2024-08-13,IT,Travel,Expense,Travel - IT - Aug 2024,112.96
845,2024-08-14,OPERATIONS,Software Subscriptions,Expense,Software Subscriptions - Operations - Aug 2024,644.78
846,2024-08-14,Sales,Consulting Fees  ,Income,Consulting Fees - Sales - Aug 2024,3496.16
847,2024-08-14,Marketing,Office Supplies,Expense,Office Supplies - Marketing - Aug 2024,101.53
848,2024-08-14,Admin,Marketing Campaigns,Expense,Marketing Campaigns - Admin - Aug 2024,1705.85
849,2024-08-15,HR,Travel,Expense,Travel - HR - Aug 2024,2200.87
850,2024-08-15,Sales,Product Sales,Income,Product Sales - Sales - Aug 2024,6917.33
851,2024-08-15,Operations,Professional Services,Expense,Professional Services - Operations - Aug 2024,1010.17
852,2024-08-16,IT,Salaries  ,Expense,Salaries - IT - Aug 2024,8277.23
853,2024-08-16,Operations,Consulting Fees,Income,Consulting Fees - Operations - Aug 2024,1086.57
854,2024-08-16,Sales,Other Income,Income,Other Income - Sales - Aug 2024,334.54
855,2024-08-16,Operations,Marketing Campaigns,Expense,Marketing Campaigns - Operations - Aug 2024,2150.05
856,2024-08-16,Sales,Consulting Fees,Income,Consulting Fees - Sales - Aug 2024,895.58
857,2024-08-16,Sales,Consulting Fees,Income,Consulting Fees - Sales - Aug 2024,4179.29
858,2024-08-16,IT,Salaries,Expense,Salaries - IT - Aug 2024,7775.94
859,2024-08-17,Sales,Utilities,Expense,Utilities - Sales - Aug 2024,529.07
860,2024-08-17,Operations,Utilities,Expense,Utilities - Operations - Aug 2024,454.64
861,2024-08-19,Operations,Product Sales,Income,Product Sales - Operations - Aug 2024,6758.22
862,2024-08-19,Sales,Other Income  ,Income,Other Income - Sales - Aug 2024,627.46
863,2024-08-19,Sales,Service Revenue,Income,Service Revenue - Sales - Aug 2024,3709.75
864,2024-08-19,Admin,Travel,Expense,Travel - Admin - Aug 2024,362.45
865,2024-08-19,HR,Salaries,Expense,Salaries - HR - Aug 2024,7952.22
866,2024-08-20,HR,Salaries,Expense,Salaries - HR - Aug 2024,8513.14
867,2024-08-20,Sales,Marketing Campaigns,Expense,Marketing Campaigns - Sales - Aug 2024,2287.22
868,2024-08-20,IT,Maintenance,Expense,Maintenance - IT - Aug 2024,1120.75
869,2024-08-20,Operations,Consulting Fees,Income,Consulting Fees - Operations - Aug 2024,2797.64
870,2024-08-21,Sales,Service Revenue,Income,Service Revenue - Sales - Aug 2024,1700.78
871,2024-08-21,Sales,Maintenance  ,Expense,Maintenance - Sales - Aug 2024,1007.07
872,2024-08-21,Sales,Utilities,Expense,Utilities - Sales - Aug 2024,327.45
873,2024-08-21,Sales,Marketing Campaigns,Expense,Marketing Campaigns - Sales - Aug 2024,3451.24
874,2024-08-21,Sales,Office Supplies,Expense,Office Supplies - Sales - Aug 2024,194.41
875,2024-08-21,Admin,Taxes,Expense,Taxes - Admin - Aug 2024,4196.91
876,2024-08-22,Operations,Salaries,Expense,Salaries - Operations - Aug 2024,2822.9
877,2024-08-22,Sales,Consulting Fees,Income,Consulting Fees - Sales - Aug 2024,1718.75
878,2024-08-22,Admin,Office Supplies,Expense,Office Supplies - Admin - Aug 2024,326.18
879,2024-08-22,Sales,Other Income,Income,Other Income - Sales - Aug 2024,975.89
880,2024-08-22,Sales,Consulting Fees,Income,Consulting Fees - Sales - Aug 2024,4391.24
881,2024-08-23,Marketing,Maintenance,Expense,Maintenance - Marketing - Aug 2024,639.5
882,2024-08-23,IT,Rent,Expense,Rent - IT - Aug 2024,1200.0
883,2024-08-23,Operations,Service Revenue,Income,Service Revenue - Operations - Aug 2024,2975.62
884,2024-08-23,Sales,Service Revenue,Income,Service Revenue - Sales - Aug 2024,3538.97
885,2024-08-23,Sales,Product Sales,Income,Product Sales - Sales - Aug 2024,1465.6
886,2024-08-23,Sales,Service Revenue,Income,Service Revenue - Sales - Aug 2024,480.3
887,2024-08-24,Sales,Consulting Fees,Income,Consulting Fees - Sales - Aug 2024,2215.89
888,2024-08-24,Operations,Consulting Fees,Income,Consulting Fees - Operations - Aug 2024,3883.52
889,2024-08-24,Sales,Product Sales,Income,Product Sales - Sales - Aug 2024,1249.89
890,2024-08-26,Sales,Product Sales,Income,Product Sales - Sales - Aug 2024,3250.64
891,2024-08-27,OPERATIONS,Product Sales,Income,Product Sales - Operations - Aug 2024,5522.63
892,2024-08-27,HR,Rent,Expense,Rent - HR - Aug 2024,1200.0
893,2024-08-27,Admin,Professional Services,Expense,Professional Services - Admin - Aug 2024,2487.38
894,2024-08-27,Operations,Rent,Expense,Rent - Operations - Aug 2024,1200.0
895,2024-08-27,Operations,Other Income,Income,Other Income - Operations - Aug 2024,287.7
896,2024-08-28,HR,Marketing Campaigns,Expense,Marketing Campaigns - HR - Aug 2024,3540.98
897,2024-08-28,Operations,Product Sales,Income,Product Sales - Operations - Aug 2024,2375.62
898,2024-08-28,Sales,Software Subscriptions,Expense,Software Subscriptions - Sales - Aug 2024,818.09
899,2024-08-28,HR,Marketing Campaigns,Expense,Marketing Campaigns - HR - Aug 2024,561.21
900,2024-08-28,Marketing,Rent,Expense,Rent - Marketing - Aug 2024,1200.0
901,2024-08-28,Sales,Other Income,Income,,1240.07
902,2024-08-28,HR,Software Subscriptions,Expense,Software Subscriptions - HR - Aug 2024,123.08
903,2024-08-28,Sales,Other Income,Income,Other Income - Sales - Aug 2024,1408.44
904,2024-08-28,Operations,Software Subscriptions,Expense,Software Subscriptions - Operations - Aug 2024,535.84
905,2024-08-28,Sales,Utilities,Expense,Utilities - Sales - Aug 2024,196.53
906,2024-08-28,Operations,Utilities,Expense,Utilities - Operations - Aug 2024,161.58
907,2024-08-29,HR,Professional Services,Expense,,1154.21
908,2024-08-29,OPERATIONS,Travel,Expense,Travel - Operations - Aug 2024,2356.43
909,2024-08-29,Sales,Product Sales,Income,Product Sales - Sales - Aug 2024,835.76
910,2024-08-29,Admin,Rent,Expense,Rent - Admin - Aug 2024,1200.0
911,2024-08-30,Sales,Product Sales,Income,Product Sales - Sales - Aug 2024,1414.17
912,2024-08-30,Marketing,Rent,Expense,Rent - Marketing - Aug 2024,1200.0
913,2024-08-30,Sales,Professional Services,Expense,Professional Services - Sales - Aug 2024,865.74
914,2024-08-30,Sales,Rent,Expense,Rent - Sales - Aug 2024,1200.0
915,2024-08-30,Operations,Maintenance,Expense,Maintenance - Operations - Aug 2024,524.85
916,2024-08-30,Sales,Product Sales,Income,Product Sales - Sales - Aug 2024,4089.84
917,2024-08-30,HR,Marketing Campaigns  ,Expense,Marketing Campaigns - HR - Aug 2024,610.69
918,2024-08-31,Sales,Consulting Fees,Income,Consulting Fees - Sales - Aug 2024,3849.59
919,2024-08-31,IT,Taxes,Expense,Taxes - IT - Aug 2024,4711.17
920,2024-09-01,IT,Software Subscriptions,Expense,Software Subscriptions - IT - Sep 2024,45.98
921,2024-09-02,Operations,Service Revenue,Income,Service Revenue - Operations - Sep 2024,2931.32
922,2024-09-02,IT,Rent,Expense,Rent - IT - Sep 2024,1200.0
923,2024-09-02,Operations,Rent,Expense,Rent - Operations - Sep 2024,1200.0
924,2024-09-02,Admin,Travel,Expense,Travel - Admin - Sep 2024,821.17
925,2024-09-02,Sales,Marketing Campaigns,Expense,Marketing Campaigns - Sales - Sep 2024,2438.79
926,2024-09-02,HR,Office Supplies,Expense,Office Supplies - HR - Sep 2024,42.6
927,2024-09-02,Operations,Service Revenue,Income,Service Revenue - Operations - Sep 2024,1564.55
928,2024-09-02,Admin,Utilities,Expense,Utilities - Admin - Sep 2024,352.94
929,2024-09-03,Sales,Other Income,Income,Other Income - Sales - Sep 2024,1362.72
930,2024-09-03,HR,Office Supplies,Expense,Office Supplies - HR - Sep 2024,39.78
931,2024-09-03,HR,Travel,Expense,Travel - HR - Sep 2024,967.52
932,2024-09-03,Sales,Professional Services,Expense,Professional Services - Sales - Sep 2024,326.59
933,2024-09-03,Sales,Rent,Expense,Rent - Sales - Sep 2024,1200.0
934,2024-09-03,Sales,Product Sales,Income,Product Sales - Sales - Sep 2024,4104.86
935,2024-09-04,Sales,Service Revenue,Income,,1228.13
936,2024-09-04,Sales,Marketing Campaigns,Expense,Marketing Campaigns - Sales - Sep 2024,1265.76
937,2024-09-04,Sales,Travel,Expense,Travel - Sales - Sep 2024,1671.86
938,2024-09-04,Sales,Service Revenue,Income,Service Revenue - Sales - Sep 2024,3958.35
939,2024-09-05,Admin,Utilities  ,Expense,Utilities - Admin - Sep 2024,166.29
940,2024-09-05,Sales,Product Sales,Income,Product Sales - Sales - Sep 2024,2312.02
941,2024-09-05,Admin,Salaries,Expense,Salaries - Admin - Sep 2024,4634.18
942,2024-09-05,Operations,Rent,Expense,Rent - Operations - Sep 2024,1200.0
943,2024-09-06,Sales,software subscriptions,Expense,Software Subscriptions - Sales - Sep 2024,79.07
944,2024-09-06,IT,Maintenance,Expense,Maintenance - IT - Sep 2024,327.15
945,2024-09-06,Sales,Rent,Expense,Rent - Sales - Sep 2024,1200.0
946,2024-09-06,Sales,Office Supplies,Expense,Office Supplies - Sales - Sep 2024,21.08
947,2024-09-06,Operations,Consulting Fees,Income,Consulting Fees - Operations - Sep 2024,3231.46
948,2024-09-06,Operations,Marketing Campaigns,Expense,Marketing Campaigns - Operations - Sep 2024,603.28
949,2024-09-09,HR,Rent,Expense,Rent - HR - Sep 2024,1200.0
950,2024-09-09,Operations,Office Supplies,Expense,Office Supplies - Operations - Sep 2024,280.04
951,2024-09-09,IT,Office Supplies,Expense,Office Supplies - IT - Sep 2024,21.71
952,2024-09-09,Sales,Service Revenue,Income,Service Revenue - Sales - Sep 2024,4025.71
953,2024-09-10,HR,Utilities,Expense,Utilities - HR - Sep 2024,156.28
954,2024-09-10,Operations,Consulting Fees,Income,Consulting Fees - Operations - Sep 2024,1495.56
955,2024-09-10,Sales,rent,Expense,Rent - Sales - Sep 2024,1200.0
956,2024-09-11,IT,Maintenance,Expense,Maintenance - IT - Sep 2024,675.07
957,2024-09-11,Sales,Travel,Expense,Travel - Sales - Sep 2024,1015.4
958,2024-09-11,Admin,Travel,Expense,Travel - Admin - Sep 2024,366.39
959,2024-09-11,Sales,Product Sales,Income,Product Sales - Sales - Sep 2024,6412.06
960,2024-09-11,IT,Maintenance,Expense,Maintenance - IT - Sep 2024,267.77
961,2024-09-11,Operations,Consulting Fees,Income,Consulting Fees - Operations - Sep 2024,4743.17
962,2024-09-12,Admin,software subscriptions,Expense,Software Subscriptions - Admin - Sep 2024,795.44
963,2024-09-12,Sales,Marketing Campaigns,Expense,Marketing Campaigns - Sales - Sep 2024,3439.27
964,2024-09-12,Operations,Product Sales  ,Income,Product Sales - Operations - Sep 2024,7997.81
965,2024-09-12,Admin,Professional Services,Expense,Professional Services - Admin - Sep 2024,2432.63
966,2024-09-12,Admin,Rent,Expense,Rent - Admin - Sep 2024,1200.0
967,2024-09-12,Sales,Product Sales,Income,Product Sales - Sales - Sep 2024,1780.08
968,2024-09-12,Operations,Product Sales,Income,Product Sales - Operations - Sep 2024,4027.79
969,2024-09-13,HR,Taxes,Expense,Taxes - HR - Sep 2024,715.81
970,2024-09-13,Marketing,Software Subscriptions,Expense,Software Subscriptions - Marketing - Sep 2024,464.16
971,2024-09-13,HR,Software Subscriptions,Expense,Software Subscriptions - HR - Sep 2024,240.11
972,2024-09-14,HR,Office Supplies,Expense,Office Supplies - HR - Sep 2024,69.53
973,2024-09-16,Operations,Utilities,Expense,Utilities - Operations - Sep 2024,300.22
974,2024-09-16,Admin,Taxes,Expense,Taxes - Admin - Sep 2024,1308.47
975,2024-09-17,Admin,Maintenance,Expense,Maintenance - Admin - Sep 2024,360.94
976,2024-09-17,Sales,Service Revenue,Income,Service Revenue - Sales - Sep 2024,749.2
977,2024-09-17,IT,Office Supplies,Expense,Office Supplies - IT - Sep 2024,267.04
978,2024-09-17,HR,Marketing Campaigns,Expense,Marketing Campaigns - HR - Sep 2024,2938.23
979,2024-09-17,Sales,Product Sales,Income,Product Sales - Sales - Sep 2024,1512.79
980,2024-09-17,Operations,Travel,Expense,Travel - Operations - Sep 2024,153.45
981,2024-09-17,Sales,Consulting Fees,Income,Consulting Fees - Sales - Sep 2024,4892.24
982,2024-09-17,IT,Travel,Expense,Travel - IT - Sep 2024,1751.27
983,2024-09-17,Sales,Product Sales,Income,Product Sales - Sales - Sep 2024,3892.43
984,2024-09-18,HR,Software Subscriptions,Expense,Software Subscriptions - HR - Sep 2024,624.94
985,2024-09-18,Sales,Service Revenue,Income,Service Revenue - Sales - Sep 2024,3493.89
986,2024-09-18,Admin,Maintenance,Expense,Maintenance - Admin - Sep 2024,989.5
987,2024-09-18,HR,Travel,Expense,Travel - HR - Sep 2024,1031.49
988,2024-09-18,Marketing,Professional Services,Expense,Professional Services - Marketing - Sep 2024,1857.81
989,2024-09-19,Sales,Consulting Fees,Income,Consulting Fees - Sales - Sep 2024,5996.44
990,2024-09-19,Sales,Consulting Fees,Income,Consulting Fees - Sales - Sep 2024,5402.08
991,2024-09-19,Operations,Utilities,Expense,,531.31
992,2024-09-19,Admin,Salaries  ,Expense,Salaries - Admin - Sep 2024,4434.39
993,2024-09-20,Operations,Product Sales,Income,Product Sales - Operations - Sep 2024,3635.99
994,2024-09-20,HR,Software Subscriptions,Expense,Software Subscriptions - HR - Sep 2024,118.94
995,2024-09-20,Operations,Professional Services,Expense,Professional Services - Operations - Sep 2024,2628.3
996,2024-09-20,Operations,Utilities,Expense,Utilities - Operations - Sep 2024,514.04
997,2024-09-20,Sales,Other Income,Income,Other Income - Sales - Sep 2024,449.4
998,2024-09-21,Sales,Consulting Fees,Income,Consulting Fees - Sales - Sep 2024,5795.79
999,2024-09-22,HR,Rent,Expense,Rent - HR - Sep 2024,1200.0
1000,2024-09-22,HR,Utilities,Expense,Utilities - HR - Sep 2024,166.03
1001,2024-09-23,Operations,Consulting Fees,Income,Consulting Fees - Operations - Sep 2024,848.06
1002,2024-09-23,Sales,Service Revenue  ,Income,,1754.33
1003,2024-09-23,Operations,Service Revenue,Income,Service Revenue - Operations - Sep 2024,3147.07
1004,2024-09-24,IT,Office Supplies,Expense,Office Supplies - IT - Sep 2024,45.76
1005,2024-09-24,Operations,Product Sales,Income,Product Sales - Operations - Sep 2024,1647.21
1006,2024-09-24,HR,Salaries,Expense,Salaries - HR - Sep 2024,8598.22
1007,2024-09-24,HR,Maintenance,Expense,Maintenance - HR - Sep 2024,123.45
1008,2024-09-25,Sales,Service Revenue  ,Income,Service Revenue - Sales - Sep 2024,1839.56
1009,2024-09-25,Sales,Service Revenue,Income,Service Revenue - Sales - Sep 2024,2329.67
1010,2024-09-25,Operations,Consulting Fees,Income,Consulting Fees - Operations - Sep 2024,4480.98
1011,2024-09-26,Sales,product sales,Income,Product Sales - Sales - Sep 2024,6848.26
1012,2024-09-26,Operations,Product Sales,Income,Product Sales - Operations - Sep 2024,2229.79
1013,2024-09-26,IT,Utilities,Expense,Utilities - IT - Sep 2024,353.52
1014,2024-09-26,HR,Office Supplies  ,Expense,Office Supplies - HR - Sep 2024,258.47
1015,2024-09-26,Sales,Product Sales,Income,Product Sales - Sales - Sep 2024,6227.11
1016,2024-09-27,Sales,Other Income,Income,Other Income - Sales - Sep 2024,176.27
1017,2024-09-27,Sales,Other Income,Income,Other Income - Sales - Sep 2024,546.29
1018,2024-09-27,Sales,Consulting Fees,Income,Consulting Fees - Sales - Sep 2024,2804.19
1019,2024-09-29,Sales,Other Income,Income,Other Income - Sales - Sep 2024,1384.29
1020,2024-09-29,Sales,Service Revenue,Income,Service Revenue - Sales - Sep 2024,1171.44
1021,2024-09-30,Sales,Professional Services,Expense,Professional Services - Sales - Sep 2024,440.08
1022,2024-09-30,HR,Marketing Campaigns,Expense,Marketing Campaigns - HR - Sep 2024,578.72
1023,2024-09-30,IT,Utilities,Expense,Utilities - IT - Sep 2024,353.42
1024,2024-09-30,Sales,Consulting Fees,Income,Consulting Fees - Sales - Sep 2024,3712.89
1025,2024-09-30,OPERATIONS,Service Revenue,Income,Service Revenue - Operations - Sep 2024,2676.99
1026,2024-09-30,ADMIN,Professional Services,Expense,Professional Services - Admin - Sep 2024,392.27
1027,2024-10-01,Sales,Software Subscriptions,Expense,Software Subscriptions - Sales - Oct 2024,541.29
1028,2024-10-01,Operations,Maintenance,Expense,Maintenance - Operations - Oct 2024,783.06
1029,2024-10-01,Admin,Travel,Expense,Travel - Admin - Oct 2024,548.27
1030,2024-10-01,Sales,Other Income,Income,Other Income - Sales - Oct 2024,293.93
1031,2024-10-01,Operations,Travel  ,Expense,Travel - Operations - Oct 2024,1983.89
1032,2024-10-01,Sales,Consulting Fees,Income,Consulting Fees - Sales - Oct 2024,2847.34
1033,2024-10-01,IT,Travel,Expense,Travel - IT - Oct 2024,616.29
1034,2024-10-01,Sales,Product Sales,Income,Product Sales - Sales - Oct 2024,5649.4
1035,2024-10-01,Admin,Professional Services  ,Expense,Professional Services - Admin - Oct 2024,2535.72
1036,2024-10-01,Operations,Consulting Fees,Income,Consulting Fees - Operations - Oct 2024,1549.34
1037,2024-10-01,Admin,Maintenance,Expense,Maintenance - Admin - Oct 2024,926.17
1038,2024-10-02,Sales,Other Income,Income,Other Income - Sales - Oct 2024,1101.12
1039,2024-10-02,Admin,Travel,Expense,Travel - Admin - Oct 2024,1925.63
1040,2024-10-02,Admin,Office Supplies,Expense,Office Supplies - Admin - Oct 2024,328.91
1041,2024-10-02,Sales,Utilities,Expense,Utilities - Sales - Oct 2024,382.94
1042,2024-10-02,Sales,Other Income,Income,Other Income - Sales - Oct 2024,1079.8
1043,2024-10-03,Marketing,Maintenance,Expense,Maintenance - Marketing - Oct 2024,583.98
1044,2024-10-03,Admin,Rent,Expense,Rent - Admin - Oct 2024,1200.0
1045,2024-10-03,Sales,rent,Expense,Rent - Sales - Oct 2024,1200.0
1046,2024-10-03,Operations,rent,Expense,Rent - Operations - Oct 2024,1200.0
1047,2024-10-04,Sales,Rent,Expense,Rent - Sales - Oct 2024,1200.0
1048,2024-10-04,Sales,Taxes,Expense,Taxes - Sales - Oct 2024,3801.3
1049,2024-10-04,Marketing,Rent,Expense,Rent - Marketing - Oct 2024,1200.0
1050,2024-10-06,Admin,Utilities,Expense,Utilities - Admin - Oct 2024,206.13
1051,2024-10-06,HR,Travel,Expense,Travel - HR - Oct 2024,1790.45
1052,2024-10-07,Sales,Product Sales,Income,Product Sales - Sales - Oct 2024,3559.14
1053,2024-10-07,Admin,Utilities,Expense,Utilities - Admin - Oct 2024,331.96
1054,2024-10-07,Operations,Other Income,Income,Other Income - Operations - Oct 2024,1121.23
1055,2024-10-07,Operations,Product Sales,Income,Product Sales - Operations - Oct 2024,7881.81
1056,2024-10-07,Operations,Salaries,Expense,,3917.4
1057,2024-10-07,Operations,Professional Services,Expense,Professional Services - Operations - Oct 2024,2449.7
1058,2024-10-07,Admin,Software Subscriptions,Expense,Software Subscriptions - Admin - Oct 2024,514.52
1059,2024-10-07,HR,Taxes,Expense,Taxes - HR - Oct 2024,4182.42
1060,2024-10-07,Admin,Maintenance,Expense,Maintenance - Admin - Oct 2024,777.87
1061,2024-10-07,Operations,Rent,Expense,Rent - Operations - Oct 2024,1200.0
1062,2024-10-07,HR,Salaries,Expense,Salaries - HR - Oct 2024,5745.84
1063,2024-10-07,Sales,Salaries,Expense,Salaries - Sales - Oct 2024,5744.33
1064,2024-10-08,Operations,Utilities,Expense,Utilities - Operations - Oct 2024,375.65
1065,2024-10-08,Sales,Other Income,Income,Other Income - Sales - Oct 2024,374.12
1066,2024-10-08,Sales,Other Income,Income,Other Income - Sales - Oct 2024,535.37
1067,2024-10-08,Sales,Software Subscriptions,Expense,Software Subscriptions - Sales - Oct 2024,203.46
1068,2024-10-08,Sales,Service Revenue,Income,Service Revenue - Sales - Oct 2024,1837.94
1069,2024-10-09,Sales,Product Sales,Income,Product Sales - Sales - Oct 2024,7767.78
1070,2024-10-09,Sales,Product Sales,Income,Product Sales - Sales - Oct 2024,7679.85
1071,2024-10-09,Sales,Other Income  ,Income,Other Income - Sales - Oct 2024,537.44
1072,2024-10-09,Sales,Professional Services,Expense,Professional Services - Sales - Oct 2024,2823.96
1073,2024-10-10,Sales,Product Sales,Income,Product Sales - Sales - Oct 2024,2488.42
1074,2024-10-11,Sales,Service Revenue,Income,Service Revenue - Sales - Oct 2024,3650.03
1075,2024-10-11,Admin,Marketing Campaigns,Expense,Marketing Campaigns - Admin - Oct 2024,996.71
1076,2024-10-11,Admin,Utilities,Expense,Utilities - Admin - Oct 2024,243.61
1077,2024-10-12,Operations,Product Sales,Income,Product Sales - Operations - Oct 2024,5245.08
1078,2024-10-13,Sales,Marketing Campaigns,Expense,Marketing Campaigns - Sales - Oct 2024,3543.44
1079,2024-10-13,IT,Salaries,Expense,Salaries - IT - Oct 2024,4069.22
1080,2024-10-14,Marketing,Rent,Expense,Rent - Marketing - Oct 2024,1200.0
1081,2024-10-14,HR,Maintenance,Expense,Maintenance - HR - Oct 2024,616.98
1082,2024-10-14,Operations,Consulting Fees  ,Income,Consulting Fees - Operations - Oct 2024,5929.53
1083,2024-10-14,IT,Rent,Expense,Rent - IT - Oct 2024,1200.0
1084,2024-10-14,Sales,Service Revenue  ,Income,Service Revenue - Sales - Oct 2024,343.49
1085,2024-10-15,Sales,Salaries,Expense,Salaries - Sales - Oct 2024,8889.35
1086,2024-10-15,Operations,Rent,Expense,Rent - Operations - Oct 2024,1200.0
1087,2024-10-15,HR,Software Subscriptions,Expense,Software Subscriptions - HR - Oct 2024,549.07
1088,2024-10-15,Admin,Utilities,Expense,Utilities - Admin - Oct 2024,496.56
1089,2024-10-16,ADMIN,Office Supplies,Expense,Office Supplies - Admin - Oct 2024,59.7
1090,2024-10-16,HR,Rent,Expense,Rent - HR - Oct 2024,1200.0
1091,2024-10-17,IT,Rent,Expense,Rent - IT - Oct 2024,1200.0
1092,2024-10-17,IT,Marketing Campaigns,Expense,Marketing Campaigns - IT - Oct 2024,1273.11
1093,2024-10-17,Sales,Service Revenue,Income,Service Revenue - Sales - Oct 2024,3091.21
1094,2024-10-17,OPERATIONS,Taxes,Expense,Taxes - Operations - Oct 2024,535.03
1095,2024-10-18,Operations,Other Income,Income,Other Income - Operations - Oct 2024,723.54
1096,2024-10-18,HR,Salaries,Expense,Salaries - HR - Oct 2024,3522.13
1097,2024-10-18,Admin,Salaries  ,Expense,Salaries - Admin - Oct 2024,4645.78
1098,2024-10-18,Marketing,Salaries,Expense,Salaries - Marketing - Oct 2024,5467.22
1099,2024-10-18,Sales,Consulting Fees,Income,Consulting Fees - Sales - Oct 2024,3568.01
1100,2024-10-21,Operations,Professional Services,Expense,Professional Services - Operations - Oct 2024,391.23
1101,2024-10-22,Sales,Consulting Fees,Income,Consulting Fees - Sales - Oct 2024,973.88
1102,2024-10-23,Operations,Other Income,Income,Other Income - Operations - Oct 2024,321.66
1103,2024-10-23,Marketing,Rent,Expense,Rent - Marketing - Oct 2024,1200.0
1104,2024-10-23,Sales,Product Sales,Income,Product Sales - Sales - Oct 2024,1650.63
1105,2024-10-23,Marketing,Maintenance,Expense,Maintenance - Marketing - Oct 2024,613.03
1106,2024-10-23,HR,Maintenance,Expense,Maintenance - HR - Oct 2024,719.51
1107,2024-10-23,Operations,Service Revenue,Income,Service Revenue - Operations - Oct 2024,3674.3
1108,2024-10-24,Sales,Consulting Fees,Income,Consulting Fees - Sales - Oct 2024,4633.58
1109,2024-10-24,HR,Office Supplies,Expense,Office Supplies - HR - Oct 2024,82.77
1110,2024-10-25,Sales,Consulting Fees,Income,Consulting Fees - Sales - Oct 2024,5186.09
1111,2024-10-25,Marketing,Taxes,Expense,Taxes - Marketing - Oct 2024,2470.0
1112,2024-10-25,Operations,Rent,Expense,Rent - Operations - Oct 2024,1200.0
1113,2024-10-25,Sales,Service Revenue,Income,Service Revenue - Sales - Oct 2024,2549.34
1114,2024-10-26,Sales,Marketing Campaigns,Expense,Marketing Campaigns - Sales - Oct 2024,1197.69
1115,2024-10-27,IT,Office Supplies,Expense,Office Supplies - IT - Oct 2024,285.27
1116,2024-10-28,MARKETING,Utilities,Expense,Utilities - Marketing - Oct 2024,352.76
1117,2024-10-28,Operations,Consulting Fees,Income,Consulting Fees - Operations - Oct 2024,2845.43
1118,2024-10-28,IT,Maintenance,Expense,Maintenance - IT - Oct 2024,287.77
1119,2024-10-28,IT,Salaries,Expense,Salaries - IT - Oct 2024,8055.44
1120,2024-10-28,Sales,Service Revenue,Income,Service Revenue - Sales - Oct 2024,2644.6
1121,2024-10-29,Operations,Office Supplies,Expense,Office Supplies - Operations - Oct 2024,307.06
1122,2024-10-29,Sales,Software Subscriptions,Expense,Software Subscriptions - Sales - Oct 2024,834.98
1123,2024-10-29,Operations,Software Subscriptions  ,Expense,Software Subscriptions - Operations - Oct 2024,571.11
1124,2024-10-29,Admin,Taxes  ,Expense,Taxes - Admin - Oct 2024,2071.22
1125,2024-10-29,Sales,Other Income,Income,Other Income - Sales - Oct 2024,713.47
1126,2024-10-29,Sales,Consulting Fees,Income,Consulting Fees - Sales - Oct 2024,4853.8
1127,2024-10-30,HR,marketing campaigns,Expense,Marketing Campaigns - HR - Oct 2024,1587.93
1128,2024-10-30,Sales,Product Sales  ,Income,Product Sales - Sales - Oct 2024,1169.05
1129,2024-10-30,Operations,Product Sales,Income,Product Sales - Operations - Oct 2024,4160.73
1130,2024-10-30,Sales,Product Sales,Income,Product Sales - Sales - Oct 2024,2000.07
1131,2024-10-31,HR,taxes,Expense,Taxes - HR - Oct 2024,4450.12
1132,2024-10-31,Admin,Taxes,Expense,Taxes - Admin - Oct 2024,4382.88
1133,2024-10-31,HR,Salaries,Expense,,6628.86
1134,2024-10-31,Operations,Travel,Expense,Travel - Operations - Oct 2024,960.42
1135,2024-10-31,Operations,software subscriptions,Expense,Software Subscriptions - Operations - Oct 2024,767.74
1136,2024-11-01,Sales,office supplies,Expense,Office Supplies - Sales - Nov 2024,386.12
1137,2024-11-01,Operations,Product Sales,Income,Product Sales - Operations - Nov 2024,2002.63
1138,2024-11-01,IT,Taxes,Expense,Taxes - IT - Nov 2024,4239.15
1139,2024-11-01,Marketing,Travel,Expense,Travel - Marketing - Nov 2024,239.6
1140,2024-11-01,Sales,Consulting Fees,Income,Consulting Fees - Sales - Nov 2024,5536.15
1141,2024-11-01,Sales,Professional Services,Expense,Professional Services - Sales - Nov 2024,1708.32
1142,2024-11-01,Operations,Office Supplies,Expense,Office Supplies - Operations - Nov 2024,375.74
1143,2024-11-02,Sales,Consulting Fees,Income,Consulting Fees - Sales - Nov 2024,3252.01
1144,2024-11-03,Sales,Product Sales,Income,Product Sales - Sales - Nov 2024,5105.68
1145,2024-11-04,Sales,Consulting Fees,Income,Consulting Fees - Sales - Nov 2024,4892.03
1146,2024-11-04,Sales,Other Income,Income,Other Income - Sales - Nov 2024,1008.94
1147,2024-11-04,Marketing,Taxes,Expense,Taxes - Marketing - Nov 2024,2886.18
1148,2024-11-04,Operations,Software Subscriptions,Expense,Software Subscriptions - Operations - Nov 2024,718.79
1149,2024-11-05,Sales,Utilities,Expense,Utilities - Sales - Nov 2024,539.57
1150,2024-11-05,Sales,Product Sales,Income,Product Sales - Sales - Nov 2024,7600.31
1151,2024-11-05,Operations,Consulting Fees,Income,Consulting Fees - Operations - Nov 2024,5124.31
1152,2024-11-05,Sales,Consulting Fees,Income,Consulting Fees - Sales - Nov 2024,4098.11
1153,2024-11-05,Admin,Travel,Expense,Travel - Admin - Nov 2024,1180.92
1154,2024-11-06,Operations,Maintenance,Expense,Maintenance - Operations - Nov 2024,63.87
1155,2024-11-06,Admin,Maintenance,Expense,Maintenance - Admin - Nov 2024,58.0
1156,2024-11-06,Operations,Professional Services,Expense,Professional Services - Operations - Nov 2024,1662.53
1157,2024-11-07,SALES,Service Revenue,Income,Service Revenue - Sales - Nov 2024,3228.86
1158,2024-11-07,IT,Marketing Campaigns,Expense,Marketing Campaigns - IT - Nov 2024,2858.27
1159,2024-11-07,Sales,Utilities,Expense,Utilities - Sales - Nov 2024,292.52
1160,2024-11-07,HR,Office Supplies,Expense,Office Supplies - HR - Nov 2024,353.4
1161,2024-11-07,HR,Marketing Campaigns,Expense,Marketing Campaigns - HR - Nov 2024,3935.19
1162,2024-11-08,Admin,Office Supplies,Expense,Office Supplies - Admin - Nov 2024,252.68
1163,2024-11-09,Marketing,Marketing Campaigns,Expense,Marketing Campaigns - Marketing - Nov 2024,1654.73
1164,2024-11-10,HR,Office Supplies,Expense,Office Supplies - HR - Nov 2024,203.35
1165,2024-11-11,Operations,Travel,Expense,Travel - Operations - Nov 2024,1644.46
1166,2024-11-11,Marketing,Rent,Expense,,1200.0
1167,2024-11-12,Sales,Service Revenue,Income,Service Revenue - Sales - Nov 2024,4188.71
1168,2024-11-12,HR,Marketing Campaigns,Expense,Marketing Campaigns - HR - Nov 2024,3163.31
1169,2024-11-12,Sales,Product Sales,Income,Product Sales - Sales - Nov 2024,2601.62
1170,2024-11-12,IT,Professional Services,Expense,Professional Services - IT - Nov 2024,1529.48
1171,2024-11-12,SALES,Other Income,Income,Other Income - Sales - Nov 2024,636.68
1172,2024-11-12,Marketing,Utilities,Expense,Utilities - Marketing - Nov 2024,179.18
1173,2024-11-13,Sales,Product Sales,Income,,1184.34
1174,2024-11-13,Marketing,Travel,Expense,Travel - Marketing - Nov 2024,2142.9
1175,2024-11-13,Operations,Consulting Fees,Income,Consulting Fees - Operations - Nov 2024,4666.87
1176,2024-11-13,Sales,Consulting Fees,Income,Consulting Fees - Sales - Nov 2024,2471.6
1177,2024-11-13,SALES,Other Income,Income,Other Income - Sales - Nov 2024,297.31
1178,2024-11-14,Sales,Consulting Fees,Income,Consulting Fees - Sales - Nov 2024,4167.88
1179,2024-11-14,Sales,Consulting Fees,Income,Consulting Fees - Sales - Nov 2024,3639.71
1180,2024-11-14,Operations,Product Sales,Income,Product Sales - Operations - Nov 2024,1244.22
1181,2024-11-14,Admin,Professional Services,Expense,Professional Services - Admin - Nov 2024,331.77
1182,2024-11-14,Operations,Salaries  ,Expense,Salaries - Operations - Nov 2024,6994.2
1183,2024-11-15,Sales,Taxes,Expense,Taxes - Sales - Nov 2024,3129.21
1184,2024-11-15,Sales,Product Sales,Income,Product Sales - Sales - Nov 2024,6116.21
1185,2024-11-15,Admin,Travel,Expense,Travel - Admin - Nov 2024,1353.7
1186,2024-11-15,Admin,Salaries,Expense,Salaries - Admin - Nov 2024,4513.5
1187,2024-11-15,Operations,Service Revenue,Income,Service Revenue - Operations - Nov 2024,1515.35
1188,2024-11-16,Operations,Salaries,Expense,Salaries - Operations - Nov 2024,4725.58
1189,2024-11-17,Marketing,Office Supplies,Expense,Office Supplies - Marketing - Nov 2024,95.9
1190,2024-11-17,Admin,Taxes,Expense,Taxes - Admin - Nov 2024,2092.11
1191,2024-11-18,Operations,Service Revenue,Income,Service Revenue - Operations - Nov 2024,2087.13
1192,2024-11-18,HR,Maintenance,Expense,Maintenance - HR - Nov 2024,165.42
1193,2024-11-18,OPERATIONS,Service Revenue,Income,Service Revenue - Operations - Nov 2024,4198.76
1194,2024-11-18,Operations,Salaries,Expense,Salaries - Operations - Nov 2024,6824.61
1195,2024-11-19,Sales,Product Sales,Income,Product Sales - Sales - Nov 2024,2821.56
1196,2024-11-19,HR,Rent,Expense,Rent - HR - Nov 2024,1200.0
1197,2024-11-19,Operations,Other Income,Income,Other Income - Operations - Nov 2024,273.26
1198,2024-11-19,Marketing,Rent,Expense,Rent - Marketing - Nov 2024,1200.0
1199,2024-11-19,Sales,Rent,Expense,Rent - Sales - Nov 2024,1200.0
1200,2024-11-19,Operations,Professional Services,Expense,Professional Services - Operations - Nov 2024,728.9
1201,2024-11-20,Sales,Marketing Campaigns,Expense,Marketing Campaigns - Sales - Nov 2024,3579.9
1202,2024-11-20,Sales,Service Revenue,Income,Service Revenue - Sales - Nov 2024,2442.95
1203,2024-11-20,SALES,Consulting Fees  ,Income,Consulting Fees - Sales - Nov 2024,2128.13
1204,2024-11-20,Sales,software subscriptions,Expense,Software Subscriptions - Sales - Nov 2024,486.97
1205,2024-11-20,Operations,Consulting Fees,Income,Consulting Fees - Operations - Nov 2024,5495.09
1206,2024-11-21,Admin,Maintenance,Expense,Maintenance - Admin - Nov 2024,835.04
1207,2024-11-21,Sales,Marketing Campaigns,Expense,Marketing Campaigns - Sales - Nov 2024,2991.89
1208,2024-11-21,HR,Taxes,Expense,,4261.59
1209,2024-11-22,Sales,Professional Services,Expense,Professional Services - Sales - Nov 2024,2406.7
1210,2024-11-22,Operations,Office Supplies,Expense,Office Supplies - Operations - Nov 2024,133.26
1211,2024-11-22,Sales,Product Sales,Income,Product Sales - Sales - Nov 2024,3738.0
1212,2024-11-23,Operations,Other Income,Income,Other Income - Operations - Nov 2024,1150.25
1213,2024-11-23,Marketing,Software Subscriptions,Expense,Software Subscriptions - Marketing - Nov 2024,389.1
1214,2024-11-25,Operations,Consulting Fees,Income,Consulting Fees - Operations - Nov 2024,5877.71
1215,2024-11-25,Marketing,Office Supplies,Expense,Office Supplies - Marketing - Nov 2024,244.31
1216,2024-11-25,IT,Utilities,Expense,Utilities - IT - Nov 2024,446.45
1217,2024-11-25,HR,Travel,Expense,Travel - HR - Nov 2024,1500.13
1218,2024-11-25,Marketing,Marketing Campaigns,Expense,Marketing Campaigns - Marketing - Nov 2024,233.56
1219,2024-11-26,HR,Travel,Expense,Travel - HR - Nov 2024,1256.5
1220,2024-11-26,Marketing,Marketing Campaigns,Expense,Marketing Campaigns - Marketing - Nov 2024,2784.54
1221,2024-11-26,Admin,rent,Expense,Rent - Admin - Nov 2024,1200.0
1222,2024-11-26,IT,Utilities,Expense,Utilities - IT - Nov 2024,213.03
1223,2024-11-27,Operations,Other Income,Income,Other Income - Operations - Nov 2024,1359.03
1224,2024-11-27,Marketing,Software Subscriptions,Expense,Software Subscriptions - Marketing - Nov 2024,294.8
1225,2024-11-27,Sales,Salaries,Expense,Salaries - Sales - Nov 2024,4936.78
1226,2024-11-28,Operations,Service Revenue,Income,Service Revenue - Operations - Nov 2024,940.38
1227,2024-11-28,Sales,Other Income,Income,Other Income - Sales - Nov 2024,813.63
1228,2024-11-28,Operations,Professional Services,Expense,Professional Services - Operations - Nov 2024,866.82
1229,2024-11-28,Operations,Other Income  ,Income,Other Income - Operations - Nov 2024,810.45
1230,2024-11-28,Sales,Service Revenue,Income,Service Revenue - Sales - Nov 2024,3490.25
1231,2024-11-28,Sales,Service Revenue,Income,Service Revenue - Sales - Nov 2024,3069.3
1232,2024-11-28,Marketing,Office Supplies,Expense,Office Supplies - Marketing - Nov 2024,34.67
1233,2024-11-28,Sales,Travel,Expense,Travel - Sales - Nov 2024,443.35
1234,2024-11-28,Operations,Other Income,Income,Other Income - Operations - Nov 2024,1169.12
1235,2024-11-28,Sales,Other Income,Income,Other Income - Sales - Nov 2024,151.15
1236,2024-11-28,Sales,Taxes,Expense,Taxes - Sales - Nov 2024,3716.65
1237,2024-11-28,Sales,Travel  ,Expense,Travel - Sales - Nov 2024,1845.75
1238,2024-11-29,Sales,Taxes  ,Expense,Taxes - Sales - Nov 2024,3760.74
1239,2024-12-02,Sales,Other Income,Income,Other Income - Sales - Dec 2024,290.69
1240,2024-12-02,IT,Salaries,Expense,Salaries - IT - Dec 2024,6513.56
1241,2024-12-02,Sales,Software Subscriptions,Expense,Software Subscriptions - Sales - Dec 2024,645.32
1242,2024-12-02,Operations,Consulting Fees,Income,Consulting Fees - Operations - Dec 2024,2364.98
1243,2024-12-02,SALES,Rent,Expense,Rent - Sales - Dec 2024,1200.0
1244,2024-12-02,Marketing,Professional Services  ,Expense,Professional Services - Marketing - Dec 2024,2107.19
1245,2024-12-03,HR,Marketing Campaigns,Expense,Marketing Campaigns - HR - Dec 2024,2732.59
1246,2024-12-03,IT,Marketing Campaigns,Expense,Marketing Campaigns - IT - Dec 2024,1503.46
1247,2024-12-03,Operations,product sales,Income,Product Sales - Operations - Dec 2024,4617.14
1248,2024-12-03,Sales,Maintenance,Expense,Maintenance - Sales - Dec 2024,1032.8
1249,2024-12-04,Sales,Utilities,Expense,Utilities - Sales - Dec 2024,381.47
1250,2024-12-04,Sales,Service Revenue,Income,Service Revenue - Sales - Dec 2024,4261.1
1251,2024-12-04,Sales,Consulting Fees,Income,Consulting Fees - Sales - Dec 2024,4411.62
1252,2024-12-04,Sales,Rent,Expense,Rent - Sales - Dec 2024,1200.0
1253,2024-12-04,Operations,Product Sales,Income,Product Sales - Operations - Dec 2024,3743.36
1254,2024-12-04,HR,Software Subscriptions,Expense,Software Subscriptions - HR - Dec 2024,646.59
1255,2024-12-04,HR,Utilities,Expense,Utilities - HR - Dec 2024,195.1
1256,2024-12-05,Admin,Maintenance,Expense,Maintenance - Admin - Dec 2024,388.01
1257,2024-12-05,Marketing,rent,Expense,Rent - Marketing - Dec 2024,1200.0
1258,2024-12-05,Sales,Consulting Fees,Income,Consulting Fees - Sales - Dec 2024,2985.51
1259,2024-12-05,ADMIN,Travel  ,Expense,Travel - Admin - Dec 2024,234.59
1260,2024-12-06,Sales,Professional Services,Expense,Professional Services - Sales - Dec 2024,805.31
1261,2024-12-06,IT,Marketing Campaigns,Expense,Marketing Campaigns - IT - Dec 2024,2711.8
1262,2024-12-06,Sales,Service Revenue,Income,Service Revenue - Sales - Dec 2024,4590.34
1263,2024-12-06,Sales,Other Income,Income,Other Income - Sales - Dec 2024,1123.22
1264,2024-12-06,HR,Professional Services,Expense,Professional Services - HR - Dec 2024,1815.02
1265,2024-12-08,Operations,Marketing Campaigns,Expense,Marketing Campaigns - Operations - Dec 2024,2466.26
1266,2024-12-08,Sales,Service Revenue,Income,Service Revenue - Sales - Dec 2024,2678.04
1267,2024-12-08,Admin,Marketing Campaigns,Expense,Marketing Campaigns - Admin - Dec 2024,1114.56
1268,2024-12-09,Sales,Product Sales,Income,Product Sales - Sales - Dec 2024,2833.75
1269,2024-12-09,Marketing,Software Subscriptions,Expense,Software Subscriptions - Marketing - Dec 2024,727.99
1270,2024-12-09,IT,Salaries,Expense,Salaries - IT - Dec 2024,2017.18
1271,2024-12-09,Admin,Marketing Campaigns,Expense,Marketing Campaigns - Admin - Dec 2024,462.15
1272,2024-12-09,Marketing,Utilities,Expense,Utilities - Marketing - Dec 2024,357.15
1273,2024-12-10,Sales,Product Sales,Income,Product Sales - Sales - Dec 2024,1113.96
1274,2024-12-10,HR,rent,Expense,Rent - HR - Dec 2024,1200.0
1275,2024-12-10,Sales,Consulting Fees,Income,Consulting Fees - Sales - Dec 2024,5979.96
1276,2024-12-10,Sales,Rent,Expense,Rent - Sales - Dec 2024,1200.0
1277,2024-12-10,Admin,Utilities,Expense,Utilities - Admin - Dec 2024,581.09
1278,2024-12-11,HR,salaries,Expense,Salaries - HR - Dec 2024,5284.98
1279,2024-12-11,Marketing,Maintenance,Expense,Maintenance - Marketing - Dec 2024,469.22
1280,2024-12-11,IT,Professional Services,Expense,Professional Services - IT - Dec 2024,1727.77
1281,2024-12-11,Sales,Product Sales,Income,Product Sales - Sales - Dec 2024,4395.82
1282,2024-12-11,IT,Software Subscriptions,Expense,Software Subscriptions - IT - Dec 2024,803.33
1283,2024-12-11,Marketing,Maintenance,Expense,Maintenance - Marketing - Dec 2024,903.78
1284,2024-12-12,Sales,Consulting Fees,Income,Consulting Fees - Sales - Dec 2024,1734.1
1285,2024-12-12,Admin,Maintenance,Expense,Maintenance - Admin - Dec 2024,452.51
1286,2024-12-12,HR,Maintenance,Expense,Maintenance - HR - Dec 2024,292.12
1287,2024-12-12,Operations,Professional Services,Expense,Professional Services - Operations - Dec 2024,383.12
1288,2024-12-13,Marketing,Maintenance,Expense,Maintenance - Marketing - Dec 2024,361.82
1289,2024-12-13,Admin,Rent,Expense,Rent - Admin - Dec 2024,1200.0
1290,2024-12-13,IT,Salaries,Expense,Salaries - IT - Dec 2024,6603.16
1291,2024-12-13,Sales,Product Sales,Income,Product Sales - Sales - Dec 2024,893.69
1292,2024-12-13,Operations,Product Sales  ,Income,Product Sales - Operations - Dec 2024,6646.11
1293,2024-12-13,Sales,Other Income,Income,Other Income - Sales - Dec 2024,235.93
1294,2024-12-13,Sales,Other Income,Income,Other Income - Sales - Dec 2024,606.47
1295,2024-12-15,OPERATIONS,Service Revenue,Income,Service Revenue - Operations - Dec 2024,3099.7
1296,2024-12-15,Sales,Professional Services  ,Expense,Professional Services - Sales - Dec 2024,1317.46
1297,2024-12-16,Sales,Product Sales,Income,Product Sales - Sales - Dec 2024,7495.11
1298,2024-12-16,Sales,Product Sales,Income,Product Sales - Sales - Dec 2024,3772.07
1299,2024-12-16,Marketing,Office Supplies,Expense,Office Supplies - Marketing - Dec 2024,260.82
1300,2024-12-17,Operations,Consulting Fees,Income,Consulting Fees - Operations - Dec 2024,1571.41
1301,2024-12-17,Sales,Consulting Fees,Income,Consulting Fees - Sales - Dec 2024,5724.86
1302,2024-12-17,Marketing,Software Subscriptions,Expense,Software Subscriptions - Marketing - Dec 2024,434.44
1303,2024-12-17,Sales,Product Sales,Income,Product Sales - Sales - Dec 2024,1488.77
1304,2024-12-17,Sales,Other Income,Income,Other Income - Sales - Dec 2024,459.43
1305,2024-12-18,HR,Taxes,Expense,Taxes - HR - Dec 2024,4328.61
1306,2024-12-18,Admin,Professional Services,Expense,Professional Services - Admin - Dec 2024,778.74
1307,2024-12-18,Admin,travel,Expense,,365.3
1308,2024-12-18,Operations,Consulting Fees,Income,Consulting Fees - Operations - Dec 2024,2069.29
1309,2024-12-18,IT,Office Supplies,Expense,Office Supplies - IT - Dec 2024,44.75
1310,2024-12-19,Sales,Service Revenue,Income,Service Revenue - Sales - Dec 2024,3533.52
1311,2024-12-19,HR,Rent,Expense,Rent - HR - Dec 2024,1200.0
1312,2024-12-19,Marketing,Rent,Expense,Rent - Marketing - Dec 2024,1200.0
1313,2024-12-20,Operations,Other Income,Income,Other Income - Operations - Dec 2024,194.26
1314,2024-12-20,IT,Software Subscriptions,Expense,Software Subscriptions - IT - Dec 2024,261.85
1315,2024-12-20,Sales,Product Sales,Income,Product Sales - Sales - Dec 2024,4920.32
1316,2024-12-20,Sales,Product Sales,Income,Product Sales - Sales - Dec 2024,6631.24
1317,2024-12-20,Operations,Consulting Fees,Income,Consulting Fees - Operations - Dec 2024,2356.6
1318,2024-12-20,Sales,Rent,Expense,Rent - Sales - Dec 2024,1200.0
1319,2024-12-21,Sales,Marketing Campaigns,Expense,Marketing Campaigns - Sales - Dec 2024,2315.53
1320,2024-12-23,Admin,Salaries,Expense,Salaries - Admin - Dec 2024,7082.74
1321,2024-12-23,Sales,Other Income,Income,Other Income - Sales - Dec 2024,290.03
1322,2024-12-23,IT,Travel,Expense,Travel - IT - Dec 2024,2423.58
1323,2024-12-23,Sales,Service Revenue,Income,Service Revenue - Sales - Dec 2024,2455.44
1324,2024-12-23,Sales,Service Revenue,Income,Service Revenue - Sales - Dec 2024,4451.83
1325,2024-12-23,Admin,Utilities,Expense,Utilities - Admin - Dec 2024,328.62
1326,2024-12-23,Marketing,Marketing Campaigns,Expense,Marketing Campaigns - Marketing - Dec 2024,2893.14
1327,2024-12-24,Operations,Other Income,Income,Other Income - Operations - Dec 2024,844.9
1328,2024-12-24,Marketing,Taxes,Expense,Taxes - Marketing - Dec 2024,2534.13
1329,2024-12-24,Sales,Product Sales,Income,Product Sales - Sales - Dec 2024,1445.77
1330,2024-12-25,Sales,Service Revenue,Income,Service Revenue - Sales - Dec 2024,697.82
1331,2024-12-25,Sales,Taxes,Expense,Taxes - Sales - Dec 2024,2842.37
1332,2024-12-25,Admin,Rent,Expense,Rent - Admin - Dec 2024,1200.0
1333,2024-12-25,HR,Utilities,Expense,Utilities - HR - Dec 2024,379.53
1334,2024-12-25,Sales,Office Supplies,Expense,Office Supplies - Sales - Dec 2024,147.74
1335,2024-12-25,Sales,Office Supplies,Expense,Office Supplies - Sales - Dec 2024,269.37
1336,2024-12-26,Operations,Service Revenue,Income,Service Revenue - Operations - Dec 2024,4320.9
1337,2024-12-26,Sales,Consulting Fees,Income,Consulting Fees - Sales - Dec 2024,5572.57
1338,2024-12-27,Marketing,Salaries,Expense,Salaries - Marketing - Dec 2024,4400.24
1339,2024-12-29,Operations,Maintenance  ,Expense,Maintenance - Operations - Dec 2024,550.23
1340,2024-12-29,Marketing,Rent,Expense,Rent - Marketing - Dec 2024,1200.0
1341,2024-12-29,IT,Salaries,Expense,Salaries - IT - Dec 2024,8991.25
1342,2024-12-29,HR,Taxes,Expense,Taxes - HR - Dec 2024,1874.35
1343,2024-12-30,HR,Software Subscriptions,Expense,Software Subscriptions - HR - Dec 2024,526.55
1344,2024-12-30,Sales,Software Subscriptions,Expense,Software Subscriptions - Sales - Dec 2024,854.41
1345,2024-12-30,Sales,Consulting Fees,Income,Consulting Fees - Sales - Dec 2024,1402.41
1346,2024-12-31,Admin,Taxes,Expense,Taxes - Admin - Dec 2024,2055.11
1347,2024-12-31,HR,Marketing Campaigns,Expense,Marketing Campaigns - HR - Dec 2024,260.39
1348,2024-12-31,Operations,Service Revenue,Income,Service Revenue - Operations - Dec 2024,2737.49
1349,2024-12-31,Sales,Product Sales,Income,Product Sales - Sales - Dec 2024,3578.7
1350,2025-01-01,Admin,Professional Services,Expense,Professional Services - Admin - Jan 2025,2227.95
1351,2025-01-01,Admin,Maintenance,Expense,Maintenance - Admin - Jan 2025,239.35
1352,2025-01-01,Sales,Other Income,Income,Other Income - Sales - Jan 2025,1118.29
1353,2025-01-01,Admin,Professional Services,Expense,Professional Services - Admin - Jan 2025,1696.67
1354,2025-01-02,Marketing,Travel,Expense,Travel - Marketing - Jan 2025,2205.95
1355,2025-01-02,Marketing,Marketing Campaigns,Expense,Marketing Campaigns - Marketing - Jan 2025,1114.03
1356,2025-01-02,HR,Utilities,Expense,Utilities - HR - Jan 2025,222.17
1357,2025-01-02,Sales,Other Income,Income,Other Income - Sales - Jan 2025,1002.25
1358,2025-01-02,Operations,Salaries,Expense,Salaries - Operations - Jan 2025,6691.41
1359,2025-01-02,IT,Software Subscriptions,Expense,Software Subscriptions - IT - Jan 2025,66.96
1360,2025-01-02,HR,Professional Services,Expense,Professional Services - HR - Jan 2025,555.65
1361,2025-01-02,Sales,Taxes,Expense,Taxes - Sales - Jan 2025,4987.42
1362,2025-01-03,Sales,Salaries,Expense,Salaries - Sales - Jan 2025,8207.14
1363,2025-01-03,Sales,Consulting Fees,Income,Consulting Fees - Sales - Jan 2025,5663.4
1364,2025-01-03,Sales,Office Supplies  ,Expense,Office Supplies - Sales - Jan 2025,123.74
1365,2025-01-03,IT,Maintenance,Expense,Maintenance - IT - Jan 2025,742.29
1366,2025-01-03,Sales,Other Income,Income,Other Income - Sales - Jan 2025,98.22
1367,2025-01-05,Sales,Professional Services,Expense,Professional Services - Sales - Jan 2025,599.96
1368,2025-01-06,HR,Software Subscriptions,Expense,Software Subscriptions - HR - Jan 2025,622.62
1369,2025-01-06,Operations,Software Subscriptions,Expense,Software Subscriptions - Operations - Jan 2025,287.36
1370,2025-01-07,Marketing,Software Subscriptions,Expense,Software Subscriptions - Marketing - Jan 2025,830.05
1371,2025-01-07,Sales,Service Revenue,Income,Service Revenue - Sales - Jan 2025,4168.23
1372,2025-01-09,Operations,Consulting Fees,Income,Consulting Fees - Operations - Jan 2025,4665.57
1373,2025-01-10,Admin,salaries,Expense,Salaries - Admin - Jan 2025,8024.23
1374,2025-01-10,Marketing,Maintenance,Expense,Maintenance - Marketing - Jan 2025,346.4
1375,2025-01-10,HR,Travel,Expense,Travel - HR - Jan 2025,108.99
1376,2025-01-10,Operations,Other Income,Income,Other Income - Operations - Jan 2025,220.45
1377,2025-01-10,Operations,Marketing Campaigns,Expense,Marketing Campaigns - Operations - Jan 2025,3339.78
1378,2025-01-10,Operations,Other Income,Income,Other Income - Operations - Jan 2025,1453.33
1379,2025-01-11,Sales,Consulting Fees  ,Income,,1322.29
1380,2025-01-12,HR,Professional Services,Expense,Professional Services - HR - Jan 2025,1760.63
1381,2025-01-13,Marketing,Travel,Expense,Travel - Marketing - Jan 2025,2108.11
1382,2025-01-13,HR,office supplies,Expense,Office Supplies - HR - Jan 2025,42.97
1383,2025-01-13,Operations,Product Sales,Income,Product Sales - Operations - Jan 2025,3040.1
1384,2025-01-13,Marketing,Travel,Expense,Travel - Marketing - Jan 2025,596.42
1385,2025-01-13,Operations,Marketing Campaigns,Expense,Marketing Campaigns - Operations - Jan 2025,3974.87
1386,2025-01-13,Admin,Taxes,Expense,Taxes - Admin - Jan 2025,3769.74
1387,2025-01-13,Operations,Taxes,Expense,Taxes - Operations - Jan 2025,1455.87
1388,2025-01-13,Sales,Service Revenue,Income,Service Revenue - Sales - Jan 2025,2939.17
1389,2025-01-13,Admin,Travel  ,Expense,Travel - Admin - Jan 2025,2200.79
1390,2025-01-14,Marketing,Taxes,Expense,Taxes - Marketing - Jan 2025,4320.82
1391,2025-01-14,Sales,Product Sales,Income,Product Sales - Sales - Jan 2025,903.97
1392,2025-01-15,Sales,Service Revenue,Income,Service Revenue - Sales - Jan 2025,4047.03
1393,2025-01-15,Operations,Other Income,Income,Other Income - Operations - Jan 2025,1171.25
1394,2025-01-16,Sales,Service Revenue,Income,Service Revenue - Sales - Jan 2025,4638.78
1395,2025-01-16,Operations,Service Revenue,Income,Service Revenue - Operations - Jan 2025,1391.27
1396,2025-01-16,Marketing,Professional Services,Expense,Professional Services - Marketing - Jan 2025,1923.69
1397,2025-01-16,Sales,Other Income,Income,Other Income - Sales - Jan 2025,71.62
1398,2025-01-16,Marketing,Maintenance,Expense,Maintenance - Marketing - Jan 2025,388.63
1399,2025-01-16,Admin,Utilities,Expense,Utilities - Admin - Jan 2025,260.93
1400,2025-01-17,HR,taxes,Expense,Taxes - HR - Jan 2025,1326.03
1401,2025-01-17,Sales,Other Income,Income,Other Income - Sales - Jan 2025,1277.65
1402,2025-01-17,IT,Travel,Expense,Travel - IT - Jan 2025,1324.63
1403,2025-01-17,Operations,Service Revenue,Income,Service Revenue - Operations - Jan 2025,4591.97
1404,2025-01-19,Sales,Professional Services,Expense,Professional Services - Sales - Jan 2025,2056.58
1405,2025-01-19,IT,Professional Services  ,Expense,Professional Services - IT - Jan 2025,660.17
1406,2025-01-19,Sales,Service Revenue,Income,Service Revenue - Sales - Jan 2025,4796.62
1407,2025-01-19,Sales,Salaries,Expense,Salaries - Sales - Jan 2025,3799.04
1408,2025-01-19,Sales,Product Sales,Income,Product Sales - Sales - Jan 2025,2982.22
1409,2025-01-19,Operations,Service Revenue,Income,Service Revenue - Operations - Jan 2025,4960.51
1410,2025-01-19,Sales,Product Sales,Income,Product Sales - Sales - Jan 2025,746.81
1411,2025-01-20,Admin,Salaries,Expense,Salaries - Admin - Jan 2025,2834.75
1412,2025-01-20,Sales,Service Revenue,Income,Service Revenue - Sales - Jan 2025,3781.8
1413,2025-01-20,Sales,Service Revenue,Income,Service Revenue - Sales - Jan 2025,4933.0
1414,2025-01-21,Admin,Software Subscriptions,Expense,Software Subscriptions - Admin - Jan 2025,851.47
1415,2025-01-21,IT,Professional Services,Expense,Professional Services - IT - Jan 2025,1441.75
1416,2025-01-21,Sales,Product Sales,Income,Product Sales - Sales - Jan 2025,3965.0
1417,2025-01-21,HR,Software Subscriptions,Expense,Software Subscriptions - HR - Jan 2025,152.08
1418,2025-01-21,Operations,Product Sales,Income,Product Sales - Operations - Jan 2025,7892.25
1419,2025-01-21,IT,Travel,Expense,Travel - IT - Jan 2025,580.04
1420,2025-01-21,Operations,Maintenance,Expense,Maintenance - Operations - Jan 2025,797.85
1421,2025-01-21,Marketing,Office Supplies,Expense,Office Supplies - Marketing - Jan 2025,227.88
1422,2025-01-22,Sales,Marketing Campaigns,Expense,Marketing Campaigns - Sales - Jan 2025,3842.36
1423,2025-01-22,Admin,Maintenance,Expense,Maintenance - Admin - Jan 2025,229.7
1424,2025-01-22,Sales,Marketing Campaigns,Expense,Marketing Campaigns - Sales - Jan 2025,1282.24
1425,2025-01-22,Sales,Rent,Expense,Rent - Sales - Jan 2025,1200.0
1426,2025-01-22,Sales,Travel,Expense,Travel - Sales - Jan 2025,1895.33
1427,2025-01-23,Sales,Consulting Fees,Income,Consulting Fees - Sales - Jan 2025,1426.08
1428,2025-01-23,Sales,Other Income,Income,Other Income - Sales - Jan 2025,212.71
1429,2025-01-23,Sales,Product Sales,Income,Product Sales - Sales - Jan 2025,2488.19
1430,2025-01-24,HR,Professional Services,Expense,Professional Services - HR - Jan 2025,980.67
1431,2025-01-24,Sales,travel,Expense,Travel - Sales - Jan 2025,468.82
1432,2025-01-25,IT,Office Supplies,Expense,Office Supplies - IT - Jan 2025,25.86
1433,2025-01-26,Operations,Other Income,Income,Other Income - Operations - Jan 2025,157.55
1434,2025-01-26,Sales,Rent,Expense,Rent - Sales - Jan 2025,1200.0
1435,2025-01-26,Sales,Product Sales,Income,Product Sales - Sales - Jan 2025,2692.5
1436,2025-01-26,Admin,Travel,Expense,Travel - Admin - Jan 2025,687.54
1437,2025-01-26,Sales,Consulting Fees  ,Income,Consulting Fees - Sales - Jan 2025,4936.37
1438,2025-01-27,Admin,Office Supplies,Expense,Office Supplies - Admin - Jan 2025,376.06
1439,2025-01-27,Sales,Service Revenue,Income,Service Revenue - Sales - Jan 2025,1571.04
1440,2025-01-28,Sales,Travel,Expense,Travel - Sales - Jan 2025,2023.98
1441,2025-01-28,IT,Maintenance,Expense,Maintenance - IT - Jan 2025,613.09
1442,2025-01-28,IT,Professional Services,Expense,Professional Services - IT - Jan 2025,1297.17
1443,2025-01-28,Sales,Product Sales,Income,Product Sales - Sales - Jan 2025,4861.31
1444,2025-01-28,Operations,Marketing Campaigns,Expense,Marketing Campaigns - Operations - Jan 2025,3646.21
1445,2025-01-28,Admin,Marketing Campaigns,Expense,Marketing Campaigns - Admin - Jan 2025,2529.86
1446,2025-01-28,Sales,Product Sales,Income,Product Sales - Sales - Jan 2025,1939.16
1447,2025-01-28,IT,Office Supplies,Expense,Office Supplies - IT - Jan 2025,114.51
1448,2025-01-28,Sales,product sales,Income,Product Sales - Sales - Jan 2025,2797.86
1449,2025-01-28,Operations,Marketing Campaigns,Expense,Marketing Campaigns - Operations - Jan 2025,539.15
1450,2025-01-29,Operations,Product Sales,Income,Product Sales - Operations - Jan 2025,5795.92
1451,2025-01-29,HR,Office Supplies,Expense,Office Supplies - HR - Jan 2025,346.66
1452,2025-01-29,Admin,Software Subscriptions,Expense,Software Subscriptions - Admin - Jan 2025,530.35
1453,2025-01-29,Operations,Product Sales,Income,Product Sales - Operations - Jan 2025,2114.98
1454,2025-01-29,Admin,Maintenance,Expense,Maintenance - Admin - Jan 2025,232.13
1455,2025-01-29,HR,Maintenance,Expense,Maintenance - HR - Jan 2025,720.4
1456,2025-01-29,Sales,Consulting Fees,Income,Consulting Fees - Sales - Jan 2025,5605.93
1457,2025-01-30,Admin,Software Subscriptions,Expense,Software Subscriptions - Admin - Jan 2025,554.56
1458,2025-01-30,Sales,Other Income,Income,Other Income - Sales - Jan 2025,1130.93
1459,2025-01-30,Operations,Marketing Campaigns,Expense,Marketing Campaigns - Operations - Jan 2025,3415.05
1460,2025-01-30,Sales,Office Supplies,Expense,Office Supplies - Sales - Jan 2025,232.76
1461,2025-01-30,Operations,Utilities  ,Expense,Utilities - Operations - Jan 2025,479.82
1462,2025-01-31,Sales,Utilities,Expense,Utilities - Sales - Jan 2025,204.38
1463,2025-01-31,IT,Travel,Expense,Travel - IT - Jan 2025,1688.54
1464,2025-01-31,IT,Taxes,Expense,Taxes - IT - Jan 2025,4267.8
1465,2025-02-01,OPERATIONS,Other Income,Income,Other Income - Operations - Feb 2025,876.68
1466,2025-02-02,Admin,maintenance,Expense,Maintenance - Admin - Feb 2025,158.99
1467,2025-02-02,IT,Utilities,Expense,Utilities - IT - Feb 2025,174.48
1468,2025-02-03,Operations,Consulting Fees,Income,Consulting Fees - Operations - Feb 2025,4063.68
1469,2025-02-03,Sales,Service Revenue,Income,Service Revenue - Sales - Feb 2025,1911.72
1470,2025-02-03,Sales,Service Revenue,Income,Service Revenue - Sales - Feb 2025,4517.23
1471,2025-02-03,Marketing,Utilities,Expense,Utilities - Marketing - Feb 2025,460.98
1472,2025-02-03,IT,Utilities,Expense,Utilities - IT - Feb 2025,487.5
1473,2025-02-04,IT,Travel,Expense,Travel - IT - Feb 2025,1522.65
1474,2025-02-04,IT,Marketing Campaigns,Expense,Marketing Campaigns - IT - Feb 2025,410.86
1475,2025-02-05,Sales,Other Income  ,Income,Other Income - Sales - Feb 2025,1403.23
1476,2025-02-05,Sales,Product Sales,Income,Product Sales - Sales - Feb 2025,1085.37
1477,2025-02-05,Operations,Taxes,Expense,Taxes - Operations - Feb 2025,1579.15
1478,2025-02-06,Operations,Software Subscriptions,Expense,Software Subscriptions - Operations - Feb 2025,538.89
1479,2025-02-06,HR,Software Subscriptions,Expense,Software Subscriptions - HR - Feb 2025,572.23
1480,2025-02-06,Admin,Salaries,Expense,Salaries - Admin - Feb 2025,5692.6
1481,2025-02-06,Operations,Service Revenue,Income,Service Revenue - Operations - Feb 2025,4678.56
1482,2025-02-07,Sales,Service Revenue,Income,Service Revenue - Sales - Feb 2025,4397.82
1483,2025-02-07,Sales,Product Sales,Income,Product Sales - Sales - Feb 2025,6979.0
1484,2025-02-07,Marketing,Professional Services,Expense,Professional Services - Marketing - Feb 2025,2989.6
1485,2025-02-07,IT,Office Supplies,Expense,Office Supplies - IT - Feb 2025,212.46
1486,2025-02-07,Sales,Utilities,Expense,Utilities - Sales - Feb 2025,194.95
1487,2025-02-08,Sales,Marketing Campaigns,Expense,Marketing Campaigns - Sales - Feb 2025,3242.63
1488,2025-02-10,Sales,Professional Services,Expense,Professional Services - Sales - Feb 2025,2118.24
1489,2025-02-10,HR,maintenance,Expense,Maintenance - HR - Feb 2025,148.17
1490,2025-02-10,Sales,Travel,Expense,,1796.07
1491,2025-02-11,Sales,Consulting Fees,Income,Consulting Fees - Sales - Feb 2025,3864.78
1492,2025-02-11,Admin,Software Subscriptions,Expense,Software Subscriptions - Admin - Feb 2025,884.57
1493,2025-02-12,HR,Professional Services,Expense,Professional Services - HR - Feb 2025,507.02
1494,2025-02-12,Operations,Office Supplies,Expense,Office Supplies - Operations - Feb 2025,48.48
1495,2025-02-13,Operations,Taxes,Expense,Taxes - Operations - Feb 2025,4653.89
1496,2025-02-13,HR,Maintenance,Expense,Maintenance - HR - Feb 2025,288.84
1497,2025-02-13,Sales,Consulting Fees,Income,Consulting Fees - Sales - Feb 2025,3594.14
1498,2025-02-13,Marketing,Travel,Expense,Travel - Marketing - Feb 2025,711.42
1499,2025-02-13,Admin,Software Subscriptions,Expense,Software Subscriptions - Admin - Feb 2025,309.64
1500,2025-02-13,Marketing,Utilities,Expense,Utilities - Marketing - Feb 2025,584.53
1501,2025-02-13,Admin,Taxes,Expense,Taxes - Admin - Feb 2025,3859.37
1502,2025-02-14,Sales,Other Income,Income,Other Income - Sales - Feb 2025,1462.21
1503,2025-02-14,Sales,Salaries,Expense,Salaries - Sales - Feb 2025,5707.05
1504,2025-02-14,HR,Taxes,Expense,Taxes - HR - Feb 2025,3617.18
1505,2025-02-14,Sales,Product Sales,Income,Product Sales - Sales - Feb 2025,530.76
1506,2025-02-15,Operations,Product Sales,Income,Product Sales - Operations - Feb 2025,1460.13
1507,2025-02-16,Sales,Product Sales,Income,Product Sales - Sales - Feb 2025,5262.14
1508,2025-02-16,Sales,Utilities,Expense,Utilities - Sales - Feb 2025,189.5
1509,2025-02-17,Sales,Product Sales,Income,Product Sales - Sales - Feb 2025,4261.73
1510,2025-02-17,Marketing,Taxes,Expense,Taxes - Marketing - Feb 2025,3082.61
1511,2025-02-17,Sales,Other Income,Income,Other Income - Sales - Feb 2025,391.96
1512,2025-02-18,Sales,Other Income,Income,Other Income - Sales - Feb 2025,1195.91
1513,2025-02-18,Marketing,Taxes,Expense,Taxes - Marketing - Feb 2025,4585.83
1514,2025-02-18,IT,Utilities,Expense,Utilities - IT - Feb 2025,170.35
1515,2025-02-18,HR,Office Supplies,Expense,Office Supplies - HR - Feb 2025,367.65
1516,2025-02-19,HR,Office Supplies,Expense,Office Supplies - HR - Feb 2025,50.79
1517,2025-02-19,Sales,Marketing Campaigns,Expense,Marketing Campaigns - Sales - Feb 2025,2310.97
1518,2025-02-19,Sales,Marketing Campaigns,Expense,Marketing Campaigns - Sales - Feb 2025,2765.55
1519,2025-02-19,Operations,Product Sales,Income,Product Sales - Operations - Feb 2025,5488.08
1520,2025-02-19,Operations,Product Sales,Income,Product Sales - Operations - Feb 2025,7513.72
1521,2025-02-20,Sales,Service Revenue,Income,Service Revenue - Sales - Feb 2025,3134.99
1522,2025-02-20,Operations,Other Income,Income,Other Income - Operations - Feb 2025,1463.9
1523,2025-02-20,Sales,Travel,Expense,Travel - Sales - Feb 2025,906.59
1524,2025-02-20,HR,Rent  ,Expense,Rent - HR - Feb 2025,1200.0
1525,2025-02-20,Sales,Service Revenue,Income,Service Revenue - Sales - Feb 2025,1829.7
1526,2025-02-21,Operations,Taxes,Expense,Taxes - Operations - Feb 2025,4325.87
1527,2025-02-21,IT,Professional Services,Expense,Professional Services - IT - Feb 2025,1977.04
1528,2025-02-21,Marketing,Salaries,Expense,Salaries - Marketing - Feb 2025,3640.84
1529,2025-02-21,Marketing,Maintenance,Expense,Maintenance - Marketing - Feb 2025,1166.9
1530,2025-02-21,HR,Office Supplies,Expense,Office Supplies - HR - Feb 2025,260.84
1531,2025-02-22,Sales,Product Sales,Income,Product Sales - Sales - Feb 2025,7457.84
1532,2025-02-22,Sales,Service Revenue,Income,Service Revenue - Sales - Feb 2025,785.51
1533,2025-02-23,IT,Taxes,Expense,Taxes - IT - Feb 2025,4383.62
1534,2025-02-23,Sales,Service Revenue,Income,Service Revenue - Sales - Feb 2025,4214.42
1535,2025-02-24,Sales,Marketing Campaigns,Expense,Marketing Campaigns - Sales - Feb 2025,589.12
1536,2025-02-24,Sales,Service Revenue,Income,Service Revenue - Sales - Feb 2025,2092.77
1537,2025-02-24,IT,Maintenance,Expense,Maintenance - IT - Feb 2025,772.48
1538,2025-02-24,Operations,Product Sales,Income,Product Sales - Operations - Feb 2025,7245.05
1539,2025-02-24,Sales,Office Supplies,Expense,Office Supplies - Sales - Feb 2025,207.75
1540,2025-02-25,Operations,Service Revenue,Income,Service Revenue - Operations - Feb 2025,2902.41
1541,2025-02-26,HR,Salaries,Expense,Salaries - HR - Feb 2025,8179.68
1542,2025-02-26,Marketing,Software Subscriptions,Expense,Software Subscriptions - Marketing - Feb 2025,828.05
1543,2025-02-26,Operations,Product Sales,Income,Product Sales - Operations - Feb 2025,2150.97
1544,2025-02-26,Sales,Professional Services,Expense,Professional Services - Sales - Feb 2025,1812.62
1545,2025-02-26,Operations,Other Income,Income,Other Income - Operations - Feb 2025,1178.89
1546,2025-02-26,IT,Maintenance,Expense,Maintenance - IT - Feb 2025,1071.55
1547,2025-02-28,Sales,professional services,Expense,Professional Services - Sales - Feb 2025,1201.37
1548,2025-02-28,Sales,Other Income,Income,Other Income - Sales - Feb 2025,892.63
1549,2025-02-28,Operations,maintenance,Expense,Maintenance - Operations - Feb 2025,1189.15
1550,2025-03-01,Sales,Service Revenue,Income,Service Revenue - Sales - Mar 2025,4366.2
1551,2025-03-01,IT,Professional Services,Expense,Professional Services - IT - Mar 2025,2611.46
1552,2025-03-02,Sales,Utilities,Expense,Utilities - Sales - Mar 2025,251.69
1553,2025-03-02,Admin,Office Supplies,Expense,Office Supplies - Admin - Mar 2025,141.77
1554,2025-03-03,Operations,Other Income,Income,Other Income - Operations - Mar 2025,106.73
1555,2025-03-03,Sales,Other Income,Income,Other Income - Sales - Mar 2025,458.96
1556,2025-03-03,Operations,Consulting Fees,Income,Consulting Fees - Operations - Mar 2025,1772.62
1557,2025-03-04,Sales,Product Sales,Income,Product Sales - Sales - Mar 2025,6034.33
1558,2025-03-04,Sales,Marketing Campaigns,Expense,Marketing Campaigns - Sales - Mar 2025,2413.7
1559,2025-03-04,IT,Office Supplies,Expense,Office Supplies - IT - Mar 2025,325.11
1560,2025-03-05,HR,Maintenance,Expense,Maintenance - HR - Mar 2025,604.19
1561,2025-03-05,HR,Rent,Expense,Rent - HR - Mar 2025,1200.0
1562,2025-03-05,Sales,Service Revenue,Income,Service Revenue - Sales - Mar 2025,4871.14
1563,2025-03-05,Sales,Service Revenue,Income,,4714.35
1564,2025-03-05,Sales,Consulting Fees,Income,Consulting Fees - Sales - Mar 2025,3813.27
1565,2025-03-05,Sales,Salaries,Expense,Salaries - Sales - Mar 2025,2769.02
1566,2025-03-06,Sales,Rent,Expense,Rent - Sales - Mar 2025,1200.0
1567,2025-03-06,Operations,Consulting Fees,Income,Consulting Fees - Operations - Mar 2025,1166.78
1568,2025-03-06,Operations,maintenance,Expense,Maintenance - Operations - Mar 2025,258.71
1569,2025-03-06,Admin,Rent,Expense,Rent - Admin - Mar 2025,1200.0
1570,2025-03-06,IT,Taxes,Expense,Taxes - IT - Mar 2025,1691.13
1571,2025-03-06,IT,Software Subscriptions,Expense,Software Subscriptions - IT - Mar 2025,31.23
1572,2025-03-07,Marketing,Professional Services,Expense,Professional Services - Marketing - Mar 2025,2690.31
1573,2025-03-07,IT,Travel,Expense,Travel - IT - Mar 2025,1035.17
1574,2025-03-07,Sales,Consulting Fees,Income,Consulting Fees - Sales - Mar 2025,1676.56
1575,2025-03-07,Operations,Other Income,Income,Other Income - Operations - Mar 2025,155.83
1576,2025-03-08,Admin,Professional Services,Expense,Professional Services - Admin - Mar 2025,811.2
1577,2025-03-08,Sales,Product Sales,Income,Product Sales - Sales - Mar 2025,6110.83
1578,2025-03-08,IT,Professional Services,Expense,Professional Services - IT - Mar 2025,1218.61
1579,2025-03-08,Marketing,Maintenance,Expense,Maintenance - Marketing - Mar 2025,1051.85
1580,2025-03-09,Operations,Maintenance,Expense,Maintenance - Operations - Mar 2025,200.33
1581,2025-03-10,Sales,Service Revenue,Income,Service Revenue - Sales - Mar 2025,3912.13
1582,2025-03-10,Admin,Taxes,Expense,One-time regulatory penalty adjustment,9200.0
1583,2025-03-10,IT,Software Subscriptions,Expense,Software Subscriptions - IT - Mar 2025,645.93
1584,2025-03-10,Sales,Salaries,Expense,Salaries - Sales - Mar 2025,5371.78
1585,2025-03-10,HR,Rent,Expense,,1200.0
1586,2025-03-11,Admin,Rent,Expense,Rent - Admin - Mar 2025,1200.0
1587,2025-03-11,Admin,Professional Services,Expense,Professional Services - Admin - Mar 2025,643.45
1588,2025-03-11,Admin,Rent,Expense,,1200.0
1589,2025-03-11,Sales,Service Revenue,Income,Service Revenue - Sales - Mar 2025,870.13
1590,2025-03-12,Sales,Consulting Fees,Income,Consulting Fees - Sales - Mar 2025,5123.98
1591,2025-03-12,Operations,Consulting Fees,Income,Consulting Fees - Operations - Mar 2025,838.5
1592,2025-03-13,Sales,Consulting Fees,Income,Consulting Fees - Sales - Mar 2025,1633.53
1593,2025-03-13,Operations,Software Subscriptions,Expense,Software Subscriptions - Operations - Mar 2025,147.85
1594,2025-03-14,Marketing,Professional Services,Expense,Professional Services - Marketing - Mar 2025,397.88
1595,2025-03-14,Operations,Professional Services,Expense,Professional Services - Operations - Mar 2025,988.18
1596,2025-03-14,IT,Office Supplies,Expense,Office Supplies - IT - Mar 2025,236.29
1597,2025-03-14,HR,Taxes  ,Expense,Taxes - HR - Mar 2025,4635.41
1598,2025-03-14,Operations,Service Revenue,Income,Service Revenue - Operations - Mar 2025,1673.23
1599,2025-03-14,Admin,Taxes,Expense,Taxes - Admin - Mar 2025,1687.85
1600,2025-03-15,Admin,software subscriptions,Expense,Software Subscriptions - Admin - Mar 2025,842.71
1601,2025-03-15,IT,Software Subscriptions,Expense,Software Subscriptions - IT - Mar 2025,63.87
1602,2025-03-15,Sales,Service Revenue,Income,Service Revenue - Sales - Mar 2025,4907.51
1603,2025-03-16,Sales,Consulting Fees  ,Income,Consulting Fees - Sales - Mar 2025,2657.22
1604,2025-03-17,Operations,Product Sales,Income,Product Sales - Operations - Mar 2025,6376.01
1605,2025-03-17,Operations,Consulting Fees,Income,Consulting Fees - Operations - Mar 2025,5808.65
1606,2025-03-17,HR,Software Subscriptions,Expense,Software Subscriptions - HR - Mar 2025,482.76
1607,2025-03-18,Sales,Consulting Fees  ,Income,Consulting Fees - Sales - Mar 2025,1489.36
1608,2025-03-18,Operations,Consulting Fees,Income,Consulting Fees - Operations - Mar 2025,3006.56
1609,2025-03-18,IT,Taxes,Expense,Taxes - IT - Mar 2025,2285.38
1610,2025-03-19,Marketing,Professional Services,Expense,Professional Services - Marketing - Mar 2025,2459.86
1611,2025-03-19,Sales,Product Sales,Income,Product Sales - Sales - Mar 2025,4802.92
1612,2025-03-19,SALES,Consulting Fees,Income,Consulting Fees - Sales - Mar 2025,1927.14
1613,2025-03-19,Sales,Consulting Fees,Income,Consulting Fees - Sales - Mar 2025,3341.17
1614,2025-03-19,Sales,taxes,Expense,Taxes - Sales - Mar 2025,567.9
1615,2025-03-20,Sales,Service Revenue,Income,Service Revenue - Sales - Mar 2025,4281.88
1616,2025-03-20,Sales,Other Income,Income,Other Income - Sales - Mar 2025,970.13
1617,2025-03-21,Operations,Maintenance,Expense,Maintenance - Operations - Mar 2025,772.93
1618,2025-03-21,Sales,Product Sales,Income,Product Sales - Sales - Mar 2025,1836.47
1619,2025-03-21,HR,Maintenance,Expense,Maintenance - HR - Mar 2025,842.2
1620,2025-03-21,Sales,Other Income,Income,Other Income - Sales - Mar 2025,480.22
1621,2025-03-21,Admin,Marketing Campaigns,Expense,Marketing Campaigns - Admin - Mar 2025,602.9
1622,2025-03-21,Operations,Rent,Expense,Rent - Operations - Mar 2025,1200.0
1623,2025-03-21,IT,Salaries  ,Expense,Salaries - IT - Mar 2025,3513.89
1624,2025-03-21,Marketing,Rent,Expense,Rent - Marketing - Mar 2025,1200.0
1625,2025-03-22,Sales,Other Income,Income,Other Income - Sales - Mar 2025,424.06
1626,2025-03-22,Operations,Office Supplies,Expense,Office Supplies - Operations - Mar 2025,261.81
1627,2025-03-24,Operations,rent,Expense,Rent - Operations - Mar 2025,1200.0
1628,2025-03-24,Operations,Utilities,Expense,Utilities - Operations - Mar 2025,450.51
1629,2025-03-24,Sales,Other Income,Income,Other Income - Sales - Mar 2025,94.11
1630,2025-03-25,Sales,Service Revenue,Income,Service Revenue - Sales - Mar 2025,2015.88
1631,2025-03-25,Marketing,Travel,Expense,Travel - Marketing - Mar 2025,246.75
1632,2025-03-25,IT,Salaries,Expense,Salaries - IT - Mar 2025,7067.97
1633,2025-03-26,Marketing,Professional Services,Expense,Professional Services - Marketing - Mar 2025,404.77
1634,2025-03-26,Sales,Service Revenue,Income,Service Revenue - Sales - Mar 2025,2956.19
1635,2025-03-26,Operations,Travel,Expense,Travel - Operations - Mar 2025,1394.64
1636,2025-03-27,Sales,Maintenance,Expense,Maintenance - Sales - Mar 2025,334.4
1637,2025-03-27,Sales,Consulting Fees,Income,Consulting Fees - Sales - Mar 2025,3166.17
1638,2025-03-27,HR,Utilities,Expense,Utilities - HR - Mar 2025,284.86
1639,2025-03-27,Sales,Service Revenue,Income,Service Revenue - Sales - Mar 2025,3479.07
1640,2025-03-27,Marketing,Travel,Expense,Travel - Marketing - Mar 2025,2263.18
1641,2025-03-27,HR,Office Supplies,Expense,Office Supplies - HR - Mar 2025,86.67
1642,2025-03-28,Admin,Maintenance,Expense,Maintenance - Admin - Mar 2025,975.86
1643,2025-03-28,Admin,Maintenance  ,Expense,Maintenance - Admin - Mar 2025,72.64
1644,2025-03-28,Sales,Service Revenue,Income,Service Revenue - Sales - Mar 2025,4805.46
1645,2025-03-28,Operations,Rent,Expense,Rent - Operations - Mar 2025,1200.0
1646,2025-03-28,Marketing,Office Supplies,Expense,Office Supplies - Marketing - Mar 2025,109.65
1647,2025-03-29,Sales,Rent,Expense,Rent - Sales - Mar 2025,1200.0
1648,2025-03-31,IT,Professional Services,Expense,Professional Services - IT - Mar 2025,1948.37
1649,2025-03-31,Sales,Service Revenue,Income,Service Revenue - Sales - Mar 2025,1275.14
1650,2025-03-31,Sales,Other Income,Income,Other Income - Sales - Mar 2025,1393.73
1651,2025-03-31,OPERATIONS,Professional Services,Expense,Professional Services - Operations - Mar 2025,2286.18
1652,2025-03-31,Operations,Product Sales,Income,Product Sales - Operations - Mar 2025,2434.78
1653,2025-03-31,Operations,Software Subscriptions,Expense,Software Subscriptions - Operations - Mar 2025,49.17
1654,2025-03-31,Admin,Rent,Expense,Rent - Admin - Mar 2025,1200.0
1655,2025-03-31,Operations,Product Sales,Income,Product Sales - Operations - Mar 2025,4423.84
1656,2025-03-31,Sales,Product Sales,Income,Product Sales - Sales - Mar 2025,5456.71
1657,2025-04-01,Sales,Product Sales,Income,Product Sales - Sales - Apr 2025,566.5
1658,2025-04-01,Admin,travel,Expense,Travel - Admin - Apr 2025,2160.76
1659,2025-04-01,Sales,Consulting Fees,Income,Consulting Fees - Sales - Apr 2025,2569.65
1660,2025-04-01,Operations,Taxes,Expense,Taxes - Operations - Apr 2025,2734.81
1661,2025-04-01,IT,Software Subscriptions,Expense,Software Subscriptions - IT - Apr 2025,387.52
1662,2025-04-02,IT,Software Subscriptions,Expense,Software Subscriptions - IT - Apr 2025,771.14
1663,2025-04-02,HR,Taxes,Expense,Taxes - HR - Apr 2025,2947.88
1664,2025-04-03,Operations,Product Sales,Income,Product Sales - Operations - Apr 2025,7025.36
1665,2025-04-03,Operations,Rent,Expense,Rent - Operations - Apr 2025,1200.0
1666,2025-04-04,Sales,Professional Services,Expense,Professional Services - Sales - Apr 2025,2161.77
1667,2025-04-04,Marketing,Office Supplies,Expense,Office Supplies - Marketing - Apr 2025,59.31
1668,2025-04-04,Admin,Marketing Campaigns,Expense,Marketing Campaigns - Admin - Apr 2025,247.68
1669,2025-04-04,Sales,Product Sales,Income,Product Sales - Sales - Apr 2025,4867.71
1670,2025-04-04,Sales,Salaries,Expense,Salaries - Sales - Apr 2025,6466.77
1671,2025-04-04,Sales,Service Revenue,Income,Service Revenue - Sales - Apr 2025,1607.44
1672,2025-04-05,Sales,Salaries,Expense,Salaries - Sales - Apr 2025,8778.52
1673,2025-04-06,Sales,Maintenance,Expense,Maintenance - Sales - Apr 2025,540.92
1674,2025-04-06,Marketing,Taxes,Expense,Taxes - Marketing - Apr 2025,3913.92
1675,2025-04-07,Marketing,Professional Services,Expense,Professional Services - Marketing - Apr 2025,1895.66
1676,2025-04-07,Operations,Maintenance,Expense,Maintenance - Operations - Apr 2025,295.14
1677,2025-04-07,Sales,Other Income,Income,Other Income - Sales - Apr 2025,74.86
1678,2025-04-07,Sales,Product Sales,Income,Product Sales - Sales - Apr 2025,2020.16
1679,2025-04-08,Operations,Marketing Campaigns,Expense,Marketing Campaigns - Operations - Apr 2025,1534.59
1680,2025-04-08,Sales,Utilities,Expense,Utilities - Sales - Apr 2025,358.97
1681,2025-04-09,Sales,Maintenance,Expense,Maintenance - Sales - Apr 2025,559.44
1682,2025-04-09,SALES,Consulting Fees,Income,Consulting Fees - Sales - Apr 2025,1400.03
1683,2025-04-09,IT,Office Supplies,Expense,Office Supplies - IT - Apr 2025,319.06
1684,2025-04-09,Admin,Travel,Expense,Travel - Admin - Apr 2025,2172.87
1685,2025-04-10,IT,Software Subscriptions,Expense,Software Subscriptions - IT - Apr 2025,293.18
1686,2025-04-10,Marketing,Marketing Campaigns,Expense,Marketing Campaigns - Marketing - Apr 2025,2580.88
1687,2025-04-10,Operations,Other Income,Income,Other Income - Operations - Apr 2025,1029.66
1688,2025-04-10,Sales,Consulting Fees,Income,Consulting Fees - Sales - Apr 2025,3528.48
1689,2025-04-11,Operations,Software Subscriptions,Expense,Software Subscriptions - Operations - Apr 2025,814.74
1690,2025-04-11,Operations,Service Revenue,Income,Service Revenue - Operations - Apr 2025,1979.17
1691,2025-04-11,Sales,Other Income,Income,Other Income - Sales - Apr 2025,131.24
1692,2025-04-11,Operations,Product Sales,Income,Product Sales - Operations - Apr 2025,7366.38
1693,2025-04-11,Operations,Other Income,Income,Other Income - Operations - Apr 2025,146.07
1694,2025-04-11,Marketing,Software Subscriptions,Expense,Software Subscriptions - Marketing - Apr 2025,169.69
1695,2025-04-12,IT,Office Supplies,Expense,Office Supplies - IT - Apr 2025,73.51
1696,2025-04-13,Operations,Software Subscriptions,Expense,Software Subscriptions - Operations - Apr 2025,880.74
1697,2025-04-14,Operations,Marketing Campaigns,Expense,Marketing Campaigns - Operations - Apr 2025,3847.06
1698,2025-04-14,Sales,Office Supplies,Expense,Office Supplies - Sales - Apr 2025,358.12
1699,2025-04-14,HR,Travel,Expense,Travel - HR - Apr 2025,551.16
1700,2025-04-14,Operations,Product Sales,Income,Product Sales - Operations - Apr 2025,6569.61
1701,2025-04-14,HR,Office Supplies,Expense,Office Supplies - HR - Apr 2025,388.88
1702,2025-04-14,Operations,Other Income,Income,Other Income - Operations - Apr 2025,1201.71
1703,2025-04-14,Sales,other income,Income,Other Income - Sales - Apr 2025,697.75
1704,2025-04-15,Marketing,Taxes,Expense,Taxes - Marketing - Apr 2025,3817.06
1705,2025-04-15,IT,Rent,Expense,Rent - IT - Apr 2025,1200.0
1706,2025-04-15,IT,Utilities,Expense,Utilities - IT - Apr 2025,466.41
1707,2025-04-15,Sales,Professional Services,Expense,Professional Services - Sales - Apr 2025,2628.53
1708,2025-04-15,Admin,Rent,Expense,Rent - Admin - Apr 2025,1200.0
1709,2025-04-16,Sales,Product Sales  ,Income,Product Sales - Sales - Apr 2025,3109.63
1710,2025-04-16,Operations,Travel,Expense,Travel - Operations - Apr 2025,280.83
1711,2025-04-16,HR,Utilities,Expense,Utilities - HR - Apr 2025,234.68
1712,2025-04-16,Sales,Maintenance,Expense,Maintenance - Sales - Apr 2025,735.81
1713,2025-04-17,Sales,Consulting Fees,Income,Consulting Fees - Sales - Apr 2025,1460.68
1714,2025-04-17,HR,Software Subscriptions,Expense,Software Subscriptions - HR - Apr 2025,628.2
1715,2025-04-17,Sales,Travel,Expense,Travel - Sales - Apr 2025,1041.11
1716,2025-04-17,Admin,Maintenance  ,Expense,Maintenance - Admin - Apr 2025,1109.18
1717,2025-04-18,IT,Software Subscriptions,Expense,Software Subscriptions - IT - Apr 2025,319.23
1718,2025-04-18,Operations,Rent,Expense,Rent - Operations - Apr 2025,1200.0
1719,2025-04-18,Sales,Consulting Fees,Income,Consulting Fees - Sales - Apr 2025,5180.75
1720,2025-04-18,IT,Taxes,Expense,Taxes - IT - Apr 2025,2950.57
1721,2025-04-18,Operations,Utilities,Expense,Utilities - Operations - Apr 2025,410.99
1722,2025-04-18,Sales,Service Revenue,Income,Service Revenue - Sales - Apr 2025,3509.92
1723,2025-04-18,HR,Marketing Campaigns,Expense,Marketing Campaigns - HR - Apr 2025,3091.05
1724,2025-04-21,Sales,consulting fees,Income,Consulting Fees - Sales - Apr 2025,2179.7
1725,2025-04-21,IT,Salaries,Expense,Salaries - IT - Apr 2025,6818.78
1726,2025-04-21,Sales,Service Revenue,Income,Service Revenue - Sales - Apr 2025,3375.65
1727,2025-04-21,Admin,Travel,Expense,Travel - Admin - Apr 2025,2268.16
1728,2025-04-22,Sales,Product Sales,Income,Product Sales - Sales - Apr 2025,1914.74
1729,2025-04-23,SALES,Consulting Fees,Income,Consulting Fees - Sales - Apr 2025,1278.82
1730,2025-04-23,Sales,Product Sales,Income,Product Sales - Sales - Apr 2025,3316.9
1731,2025-04-23,Operations,Maintenance,Expense,,905.44
1732,2025-04-24,HR,Professional Services,Expense,Professional Services - HR - Apr 2025,1568.7
1733,2025-04-24,Sales,Service Revenue,Income,Service Revenue - Sales - Apr 2025,2978.55
1734,2025-04-24,Sales,Consulting Fees  ,Income,Consulting Fees - Sales - Apr 2025,2378.12
1735,2025-04-25,Operations,Marketing Campaigns,Expense,,2320.94
1736,2025-04-25,Operations,Other Income,Income,Other Income - Operations - Apr 2025,655.8
1737,2025-04-25,Sales,Service Revenue,Income,Service Revenue - Sales - Apr 2025,3164.75
1738,2025-04-25,Operations,Consulting Fees,Income,Consulting Fees - Operations - Apr 2025,3390.23
1739,2025-04-26,HR,Rent,Expense,Rent - HR - Apr 2025,1200.0
1740,2025-04-28,Operations,Product Sales,Income,Product Sales - Operations - Apr 2025,5785.88
1741,2025-04-29,Sales,Product Sales,Income,Product Sales - Sales - Apr 2025,5551.37
1742,2025-04-29,Sales,Other Income,Income,Other Income - Sales - Apr 2025,1163.23
1743,2025-04-29,Operations,Rent  ,Expense,Rent - Operations - Apr 2025,1200.0
1744,2025-04-29,HR,Professional Services,Expense,Professional Services - HR - Apr 2025,2995.26
1745,2025-04-30,Sales,Product Sales,Income,,7186.85
1746,2025-04-30,Sales,Consulting Fees,Income,Consulting Fees - Sales - Apr 2025,1798.27
1747,2025-05-01,HR,Maintenance,Expense,Maintenance - HR - May 2025,386.71
1748,2025-05-01,HR,Taxes,Expense,Taxes - HR - May 2025,526.74
1749,2025-05-01,Operations,Travel,Expense,Travel - Operations - May 2025,2301.67
1750,2025-05-01,Operations,Software Subscriptions,Expense,Software Subscriptions - Operations - May 2025,806.35
1751,2025-05-02,Admin,Rent,Expense,Rent - Admin - May 2025,1200.0
1752,2025-05-02,IT,Taxes,Expense,Taxes - IT - May 2025,3387.82
1753,2025-05-02,Sales,Service Revenue,Income,Service Revenue - Sales - May 2025,3038.33
1754,2025-05-02,Operations,Service Revenue,Income,Service Revenue - Operations - May 2025,646.99
1755,2025-05-04,Operations,Product Sales,Income,Product Sales - Operations - May 2025,4523.23
1756,2025-05-05,HR,Professional Services,Expense,Professional Services - HR - May 2025,1159.76
1757,2025-05-05,Marketing,Rent,Expense,Rent - Marketing - May 2025,1200.0
1758,2025-05-05,Operations,product sales,Income,Product Sales - Operations - May 2025,2667.37
1759,2025-05-05,Sales,Salaries,Expense,Salaries - Sales - May 2025,7223.05
1760,2025-05-05,Marketing,Professional Services,Expense,Professional Services - Marketing - May 2025,1047.87
1761,2025-05-05,Sales,Product Sales,Income,Product Sales - Sales - May 2025,748.5
1762,2025-05-05,Operations,consulting fees,Income,Consulting Fees - Operations - May 2025,1537.8
1763,2025-05-06,Operations,Consulting Fees,Income,,4545.69
1764,2025-05-06,Marketing,Maintenance,Expense,Maintenance - Marketing - May 2025,264.82
1765,2025-05-06,HR,Office Supplies,Expense,Office Supplies - HR - May 2025,222.15
1766,2025-05-06,Operations,Product Sales,Income,Product Sales - Operations - May 2025,4789.59
1767,2025-05-07,Marketing,Software Subscriptions,Expense,Software Subscriptions - Marketing - May 2025,155.65
1768,2025-05-07,Operations,Office Supplies,Expense,Office Supplies - Operations - May 2025,102.27
1769,2025-05-07,Sales,Consulting Fees,Income,Consulting Fees - Sales - May 2025,5247.2
1770,2025-05-07,Operations,Maintenance,Expense,Maintenance - Operations - May 2025,168.96
1771,2025-05-07,Sales,Consulting Fees,Income,Consulting Fees - Sales - May 2025,4057.09
1772,2025-05-07,Sales,rent,Expense,Rent - Sales - May 2025,1200.0
1773,2025-05-07,Operations,maintenance,Expense,Maintenance - Operations - May 2025,119.42
1774,2025-05-08,IT,Travel,Expense,Travel - IT - May 2025,1998.13
1775,2025-05-08,Sales,Other Income,Income,Other Income - Sales - May 2025,547.71
1776,2025-05-08,Marketing,Utilities,Expense,Utilities - Marketing - May 2025,347.16
1777,2025-05-08,Operations,consulting fees,Income,Consulting Fees - Operations - May 2025,3280.75
1778,2025-05-08,Operations,Product Sales,Income,Product Sales - Operations - May 2025,3327.77
1779,2025-05-09,Sales,Other Income,Income,Other Income - Sales - May 2025,162.04
1780,2025-05-09,IT,travel,Expense,Travel - IT - May 2025,1203.51
1781,2025-05-10,Marketing,Taxes,Expense,Taxes - Marketing - May 2025,2141.33
1782,2025-05-10,Operations,Consulting Fees,Income,Consulting Fees - Operations - May 2025,5448.69
1783,2025-05-11,Sales,Other Income,Income,Other Income - Sales - May 2025,1076.57
1784,2025-05-12,Sales,Product Sales,Income,Product Sales - Sales - May 2025,5404.58
1785,2025-05-12,SALES,Utilities,Expense,Utilities - Sales - May 2025,317.11
1786,2025-05-12,Sales,Salaries,Expense,Salaries - Sales - May 2025,2713.52
1787,2025-05-12,IT,Travel,Expense,Travel - IT - May 2025,2278.54
1788,2025-05-12,Sales,Taxes,Expense,Taxes - Sales - May 2025,2817.42
1789,2025-05-12,Marketing,Utilities,Expense,Utilities - Marketing - May 2025,238.14
1790,2025-05-12,Admin,Rent,Expense,Rent - Admin - May 2025,1200.0
1791,2025-05-13,Operations,Product Sales,Income,Product Sales - Operations - May 2025,6822.29
1792,2025-05-13,Sales,rent,Expense,Rent - Sales - May 2025,1200.0
1793,2025-05-13,Marketing,Rent,Expense,Rent - Marketing - May 2025,1200.0
1794,2025-05-14,Sales,Taxes,Expense,Taxes - Sales - May 2025,2427.54
1795,2025-05-14,Marketing,Marketing Campaigns,Expense,Marketing Campaigns - Marketing - May 2025,2929.5
1796,2025-05-14,IT,Software Subscriptions  ,Expense,Software Subscriptions - IT - May 2025,453.62
1797,2025-05-14,HR,Travel,Expense,Travel - HR - May 2025,2258.46
1798,2025-05-14,ADMIN,Travel,Expense,Travel - Admin - May 2025,1546.03
1799,2025-05-15,Sales,Consulting Fees,Income,Consulting Fees - Sales - May 2025,2200.01
1800,2025-05-15,Operations,Maintenance,Expense,Maintenance - Operations - May 2025,620.44
1801,2025-05-15,SALES,Maintenance,Expense,Maintenance - Sales - May 2025,1188.24
1802,2025-05-15,Sales,Product Sales,Income,Product Sales - Sales - May 2025,5141.92
1803,2025-05-15,IT,Office Supplies,Expense,Office Supplies - IT - May 2025,394.61
1804,2025-05-15,Sales,Product Sales,Income,Product Sales - Sales - May 2025,2689.75
1805,2025-05-16,Marketing,Marketing Campaigns,Expense,Marketing Campaigns - Marketing - May 2025,274.93
1806,2025-05-16,Operations,Consulting Fees,Income,Consulting Fees - Operations - May 2025,1170.51
1807,2025-05-16,Sales,maintenance,Expense,Maintenance - Sales - May 2025,139.82
1808,2025-05-18,Marketing,Software Subscriptions,Expense,Software Subscriptions - Marketing - May 2025,253.66
1809,2025-05-18,IT,Maintenance,Expense,Maintenance - IT - May 2025,830.74
1810,2025-05-18,Sales,Other Income,Income,Other Income - Sales - May 2025,1247.49
1811,2025-05-19,Sales,Service Revenue,Income,Service Revenue - Sales - May 2025,4455.2
1812,2025-05-19,Marketing,Marketing Campaigns,Expense,Marketing Campaigns - Marketing - May 2025,517.12
1813,2025-05-20,Sales,Service Revenue,Income,Service Revenue - Sales - May 2025,1918.55
1814,2025-05-20,Operations,Rent,Expense,Rent - Operations - May 2025,1200.0
1815,2025-05-20,Sales,Product Sales,Income,Product Sales - Sales - May 2025,7093.86
1816,2025-05-20,Operations,Taxes,Expense,Taxes - Operations - May 2025,3797.8
1817,2025-05-20,Sales,Consulting Fees,Income,Consulting Fees - Sales - May 2025,3061.79
1818,2025-05-21,Sales,Product Sales,Income,Product Sales - Sales - May 2025,2344.53
1819,2025-05-21,IT,Utilities,Expense,Utilities - IT - May 2025,409.41
1820,2025-05-21,Sales,Consulting Fees,Income,Consulting Fees - Sales - May 2025,4822.3
1821,2025-05-21,MARKETING,Marketing Campaigns,Expense,Marketing Campaigns - Marketing - May 2025,727.29
1822,2025-05-21,Sales,Other Income,Income,Other Income - Sales - May 2025,446.3
1823,2025-05-22,Sales,other income,Income,Other Income - Sales - May 2025,783.58
1824,2025-05-22,Marketing,Office Supplies  ,Expense,Office Supplies - Marketing - May 2025,194.55
1825,2025-05-22,Sales,Product Sales,Income,Product Sales - Sales - May 2025,3362.08
1826,2025-05-22,Sales,Product Sales,Income,Product Sales - Sales - May 2025,7504.0
1827,2025-05-23,SALES,Travel,Expense,Travel - Sales - May 2025,590.57
1828,2025-05-23,Sales,Other Income,Income,Other Income - Sales - May 2025,1473.63
1829,2025-05-23,IT,Utilities,Expense,Utilities - IT - May 2025,162.08
1830,2025-05-24,Operations,Product Sales,Income,Product Sales - Operations - May 2025,1659.29
1831,2025-05-25,IT,Salaries,Expense,Salaries - IT - May 2025,8814.55
1832,2025-05-26,Admin,Rent,Expense,Rent - Admin - May 2025,1200.0
1833,2025-05-26,Operations,Product Sales,Income,Product Sales - Operations - May 2025,2030.52
1834,2025-05-26,Admin,Rent,Expense,Rent - Admin - May 2025,1200.0
1835,2025-05-27,Operations,Other Income,Income,Other Income - Operations - May 2025,1066.06
1836,2025-05-27,IT,Software Subscriptions,Expense,Software Subscriptions - IT - May 2025,239.01
1837,2025-05-27,Sales,Service Revenue,Income,Service Revenue - Sales - May 2025,2752.41
1838,2025-05-27,OPERATIONS,Consulting Fees,Income,,3777.89
1839,2025-05-28,Admin,office supplies,Expense,Office Supplies - Admin - May 2025,143.31
1840,2025-05-28,IT,Salaries,Expense,Salaries - IT - May 2025,5813.46
1841,2025-05-28,Sales,Other Income,Income,Other Income - Sales - May 2025,210.14
1842,2025-05-29,Sales,Service Revenue,Income,Service Revenue - Sales - May 2025,2347.02
1843,2025-05-29,HR,Salaries,Expense,Salaries - HR - May 2025,7757.09
1844,2025-05-29,Operations,Consulting Fees,Income,Consulting Fees - Operations - May 2025,4775.05
1845,2025-05-29,Sales,marketing campaigns,Expense,Marketing Campaigns - Sales - May 2025,3480.11
1846,2025-05-29,Marketing,professional services,Expense,Professional Services - Marketing - May 2025,2966.48
1847,2025-05-30,Operations,Software Subscriptions,Expense,Software Subscriptions - Operations - May 2025,183.18
1848,2025-05-30,Operations,Consulting Fees,Income,Consulting Fees - Operations - May 2025,2065.92
1849,2025-05-31,Marketing,Maintenance,Expense,Maintenance - Marketing - May 2025,672.92
1850,2025-05-31,Admin,Travel  ,Expense,Travel - Admin - May 2025,1649.12
1851,2025-06-01,Sales,Other Income,Income,Other Income - Sales - Jun 2025,862.71
1852,2025-06-01,HR,Salaries  ,Expense,Salaries - HR - Jun 2025,4079.54
1853,2025-06-02,HR,Marketing Campaigns,Expense,Marketing Campaigns - HR - Jun 2025,1441.92
1854,2025-06-02,IT,Salaries,Expense,Salaries - IT - Jun 2025,8353.03
1855,2025-06-02,Sales,Other Income,Income,Other Income - Sales - Jun 2025,1468.15
1856,2025-06-02,Sales,Product Sales,Income,Product Sales - Sales - Jun 2025,1343.04
1857,2025-06-02,Operations,Marketing Campaigns,Expense,Marketing Campaigns - Operations - Jun 2025,777.47
1858,2025-06-03,HR,Taxes,Expense,Taxes - HR - Jun 2025,4206.78
1859,2025-06-03,Sales,Service Revenue,Income,Service Revenue - Sales - Jun 2025,2471.39
1860,2025-06-03,Sales,Service Revenue  ,Income,Service Revenue - Sales - Jun 2025,3453.76
1861,2025-06-03,Sales,Utilities,Expense,Utilities - Sales - Jun 2025,498.69
1862,2025-06-04,HR,Office Supplies,Expense,Office Supplies - HR - Jun 2025,187.28
1863,2025-06-04,IT,Marketing Campaigns,Expense,Marketing Campaigns - IT - Jun 2025,1918.79
1864,2025-06-04,Sales,Other Income,Income,Other Income - Sales - Jun 2025,677.34
1865,2025-06-04,Admin,Marketing Campaigns,Expense,Marketing Campaigns - Admin - Jun 2025,668.95
1866,2025-06-04,HR,Professional Services,Expense,Professional Services - HR - Jun 2025,1901.62
1867,2025-06-04,Sales,Office Supplies,Expense,Office Supplies - Sales - Jun 2025,34.49
1868,2025-06-05,Operations,Other Income,Income,Other Income - Operations - Jun 2025,79.36
1869,2025-06-05,Sales,Service Revenue,Income,Service Revenue - Sales - Jun 2025,2054.53
1870,2025-06-05,Admin,Utilities,Expense,Utilities - Admin - Jun 2025,433.04
1871,2025-06-05,Operations,Maintenance,Expense,Maintenance - Operations - Jun 2025,1093.79
1872,2025-06-05,Operations,rent,Expense,Rent - Operations - Jun 2025,1200.0
1873,2025-06-06,Sales,Service Revenue  ,Income,Service Revenue - Sales - Jun 2025,1944.66
1874,2025-06-06,Sales,Professional Services,Expense,Professional Services - Sales - Jun 2025,804.73
1875,2025-06-06,Sales,Other Income,Income,Other Income - Sales - Jun 2025,1039.19
1876,2025-06-06,Marketing,Software Subscriptions,Expense,Software Subscriptions - Marketing - Jun 2025,310.13
1877,2025-06-06,Marketing,Marketing Campaigns,Expense,Marketing Campaigns - Marketing - Jun 2025,1292.77
1878,2025-06-06,IT,Utilities,Expense,Utilities - IT - Jun 2025,465.68
1879,2025-06-07,HR,Rent,Expense,Rent - HR - Jun 2025,1200.0
1880,2025-06-09,Operations,Rent,Expense,Rent - Operations - Jun 2025,1200.0
1881,2025-06-09,Sales,Consulting Fees,Income,Consulting Fees - Sales - Jun 2025,3866.73
1882,2025-06-09,ADMIN,Travel,Expense,Travel - Admin - Jun 2025,2080.22
1883,2025-06-09,Sales,Other Income,Income,Other Income - Sales - Jun 2025,813.42
1884,2025-06-09,Sales,Taxes,Expense,Taxes - Sales - Jun 2025,2220.04
1885,2025-06-10,Sales,Service Revenue,Income,Service Revenue - Sales - Jun 2025,1037.12
1886,2025-06-10,Operations,Other Income,Income,Other Income - Operations - Jun 2025,824.17
1887,2025-06-10,Operations,Other Income,Income,Other Income - Operations - Jun 2025,1325.02
1888,2025-06-10,Admin,Professional Services,Expense,Professional Services - Admin - Jun 2025,2320.34
1889,2025-06-10,Sales,Product Sales,Income,Product Sales - Sales - Jun 2025,2702.09
1890,2025-06-10,Sales,Product Sales,Income,Product Sales - Sales - Jun 2025,4990.43
1891,2025-06-11,HR,Taxes,Expense,Taxes - HR - Jun 2025,4641.98
1892,2025-06-11,HR,Software Subscriptions,Expense,Software Subscriptions - HR - Jun 2025,361.26
1893,2025-06-11,ADMIN,Travel,Expense,Travel - Admin - Jun 2025,1461.85
1894,2025-06-11,Marketing,Utilities,Expense,Utilities - Marketing - Jun 2025,340.97
1895,2025-06-13,Sales,Other Income,Income,Other Income - Sales - Jun 2025,290.21
1896,2025-06-13,Sales,Service Revenue,Income,Service Revenue - Sales - Jun 2025,2615.27
1897,2025-06-13,Sales,Marketing Campaigns,Expense,Marketing Campaigns - Sales - Jun 2025,3713.08
1898,2025-06-13,Admin,Utilities,Expense,Utilities - Admin - Jun 2025,430.29
1899,2025-06-14,Operations,Office Supplies,Expense,Office Supplies - Operations - Jun 2025,377.81
1900,2025-06-14,HR,Utilities,Expense,Utilities - HR - Jun 2025,447.71
1901,2025-06-14,Admin,Taxes,Expense,Taxes - Admin - Jun 2025,3913.5
1902,2025-06-15,Sales,Travel,Expense,Travel - Sales - Jun 2025,1019.29
1903,2025-06-16,Operations,Rent  ,Expense,Rent - Operations - Jun 2025,1200.0
1904,2025-06-17,Marketing,Office Supplies,Expense,Office Supplies - Marketing - Jun 2025,335.09
1905,2025-06-17,Operations,Service Revenue,Income,Service Revenue - Operations - Jun 2025,3514.71
1906,2025-06-17,Sales,Taxes,Expense,Taxes - Sales - Jun 2025,3850.2
1907,2025-06-17,Sales,Travel,Expense,Travel - Sales - Jun 2025,204.03
1908,2025-06-17,Operations,Utilities,Expense,Utilities - Operations - Jun 2025,173.75
1909,2025-06-18,Sales,Service Revenue,Income,Service Revenue - Sales - Jun 2025,1961.15
1910,2025-06-18,HR,Travel,Expense,Travel - HR - Jun 2025,1115.48
1911,2025-06-18,SALES,Marketing Campaigns,Expense,Marketing Campaigns - Sales - Jun 2025,1232.08
1912,2025-06-18,Marketing,Office Supplies,Expense,Office Supplies - Marketing - Jun 2025,334.22
1913,2025-06-19,Sales,product sales,Income,Product Sales - Sales - Jun 2025,2942.5
1914,2025-06-19,Operations,Taxes,Expense,Taxes - Operations - Jun 2025,4259.43
1915,2025-06-19,HR,Travel,Expense,Travel - HR - Jun 2025,1223.85
1916,2025-06-19,Marketing,Travel,Expense,Travel - Marketing - Jun 2025,1583.57
1917,2025-06-19,Sales,taxes,Expense,Taxes - Sales - Jun 2025,1266.37
1918,2025-06-20,HR,Salaries,Expense,Salaries - HR - Jun 2025,7022.76
1919,2025-06-20,Sales,Rent,Expense,Rent - Sales - Jun 2025,1200.0
1920,2025-06-20,Operations,Consulting Fees,Income,Consulting Fees - Operations - Jun 2025,1196.51
1921,2025-06-20,Sales,Other Income,Income,Other Income - Sales - Jun 2025,990.75
1922,2025-06-20,Marketing,Office Supplies,Expense,Office Supplies - Marketing - Jun 2025,155.5
1923,2025-06-22,Operations,Rent,Expense,Rent - Operations - Jun 2025,1200.0
1924,2025-06-22,Sales,Product Sales,Income,Product Sales - Sales - Jun 2025,2901.89
1925,2025-06-23,Admin,Software Subscriptions,Expense,Software Subscriptions - Admin - Jun 2025,731.58
1926,2025-06-24,Sales,Other Income,Income,Other Income - Sales - Jun 2025,1073.5
1927,2025-06-24,Sales,Software Subscriptions,Expense,Software Subscriptions - Sales - Jun 2025,489.66
1928,2025-06-24,Admin,Taxes,Expense,Taxes - Admin - Jun 2025,2357.23
1929,2025-06-24,Sales,Office Supplies,Expense,Office Supplies - Sales - Jun 2025,157.87
1930,2025-06-24,Operations,Rent,Expense,Rent - Operations - Jun 2025,1200.0
1931,2025-06-25,IT,Taxes,Expense,Taxes - IT - Jun 2025,4576.37
1932,2025-06-25,Admin,Utilities,Expense,Utilities - Admin - Jun 2025,517.85
1933,2025-06-25,Marketing,Maintenance,Expense,Maintenance - Marketing - Jun 2025,189.86
1934,2025-06-25,Sales,Office Supplies,Expense,Office Supplies - Sales - Jun 2025,294.48
1935,2025-06-25,IT,Software Subscriptions,Expense,Software Subscriptions - IT - Jun 2025,769.89
1936,2025-06-25,Sales,Other Income  ,Income,Other Income - Sales - Jun 2025,525.2
1937,2025-06-25,Sales,Travel,Expense,Travel - Sales - Jun 2025,1750.11
1938,2025-06-25,Sales,Rent,Expense,Rent - Sales - Jun 2025,1200.0
1939,2025-06-25,Sales,Consulting Fees,Income,Consulting Fees - Sales - Jun 2025,5485.88
1940,2025-06-25,HR,Salaries,Expense,Salaries - HR - Jun 2025,3779.58
1941,2025-06-26,Sales,Consulting Fees,Income,Consulting Fees - Sales - Jun 2025,2578.5
1942,2025-06-26,Sales,Travel,Expense,Travel - Sales - Jun 2025,1862.38
1943,2025-06-26,Operations,Service Revenue,Income,Service Revenue - Operations - Jun 2025,1517.22
1944,2025-06-26,Sales,product sales,Income,Product Sales - Sales - Jun 2025,6655.16
1945,2025-06-26,Sales,Product Sales,Income,Product Sales - Sales - Jun 2025,1677.94
1946,2025-06-26,Marketing,Taxes,Expense,Taxes - Marketing - Jun 2025,2696.94
1947,2025-06-26,Operations,Salaries,Expense,Salaries - Operations - Jun 2025,6928.86
1948,2025-06-27,Admin,Utilities,Expense,Utilities - Admin - Jun 2025,240.94
1949,2025-06-27,Marketing,Professional Services,Expense,Professional Services - Marketing - Jun 2025,2899.66
1950,2025-06-28,Sales,Other Income,Income,Other Income - Sales - Jun 2025,824.3
1951,2025-06-29,Operations,Travel,Expense,Travel - Operations - Jun 2025,931.94
1952,2025-06-29,Marketing,Software Subscriptions,Expense,Software Subscriptions - Marketing - Jun 2025,36.56
1953,2025-06-30,Sales,Other Income,Income,Other Income - Sales - Jun 2025,509.77
1954,2025-06-30,HR,Salaries,Expense,Salaries - HR - Jun 2025,5145.35
1955,2025-07-01,IT,Taxes,Expense,Taxes - IT - Jul 2025,3384.69
1956,2025-07-01,Admin,Salaries,Expense,Salaries - Admin - Jul 2025,2637.38
1957,2025-07-01,HR,Office Supplies,Expense,Office Supplies - HR - Jul 2025,55.44
1958,2025-07-01,Operations,Product Sales,Income,Product Sales - Operations - Jul 2025,2878.17
1959,2025-07-01,IT,Professional Services,Expense,Professional Services - IT - Jul 2025,2548.16
1960,2025-07-02,IT,Rent,Expense,Rent - IT - Jul 2025,1200.0
1961,2025-07-03,Marketing,Office Supplies  ,Expense,Office Supplies - Marketing - Jul 2025,343.05
1962,2025-07-03,Operations,Software Subscriptions,Expense,Software Subscriptions - Operations - Jul 2025,744.49
1963,2025-07-03,Sales,Product Sales  ,Income,Product Sales - Sales - Jul 2025,5984.26
1964,2025-07-03,Operations,Product Sales,Income,Product Sales - Operations - Jul 2025,5622.87
1965,2025-07-04,HR,Maintenance,Expense,Maintenance - HR - Jul 2025,207.44
1966,2025-07-04,HR,rent,Expense,Rent - HR - Jul 2025,1200.0
1967,2025-07-05,Sales,Service Revenue,Income,Service Revenue - Sales - Jul 2025,2855.52
1968,2025-07-05,Operations,Rent,Expense,Rent - Operations - Jul 2025,1200.0
1969,2025-07-07,Sales,Product Sales,Income,Product Sales - Sales - Jul 2025,5907.49
1970,2025-07-07,IT,Software Subscriptions,Expense,Software Subscriptions - IT - Jul 2025,294.72
1971,2025-07-07,Sales,Service Revenue,Income,Service Revenue - Sales - Jul 2025,2306.69
1972,2025-07-07,Operations,Rent,Expense,Rent - Operations - Jul 2025,1200.0
1973,2025-07-08,Sales,Travel,Expense,Travel - Sales - Jul 2025,173.75
1974,2025-07-08,Sales,Product Sales,Income,Product Sales - Sales - Jul 2025,5165.45
1975,2025-07-08,IT,Rent,Expense,Rent - IT - Jul 2025,1200.0
1976,2025-07-08,Operations,Service Revenue,Income,Service Revenue - Operations - Jul 2025,422.46
1977,2025-07-08,Operations,Other Income,Income,Other Income - Operations - Jul 2025,323.17
1978,2025-07-08,Admin,Travel,Expense,Travel - Admin - Jul 2025,832.63
1979,2025-07-08,Admin,Office Supplies,Expense,Office Supplies - Admin - Jul 2025,219.07
1980,2025-07-09,Operations,Salaries,Expense,Salaries - Operations - Jul 2025,7395.41
1981,2025-07-09,Marketing,Professional Services,Expense,Professional Services - Marketing - Jul 2025,857.68
1982,2025-07-09,Admin,Travel,Expense,Travel - Admin - Jul 2025,533.54
1983,2025-07-09,Operations,Product Sales,Income,Product Sales - Operations - Jul 2025,7770.5
1984,2025-07-09,Sales,Consulting Fees,Income,Consulting Fees - Sales - Jul 2025,4978.78
1985,2025-07-09,Marketing,Marketing Campaigns,Expense,Marketing Campaigns - Marketing - Jul 2025,2188.13
1986,2025-07-10,Sales,Other Income,Income,Other Income - Sales - Jul 2025,777.75
1987,2025-07-10,HR,Rent,Expense,Rent - HR - Jul 2025,1200.0
1988,2025-07-10,Sales,Salaries,Expense,Salaries - Sales - Jul 2025,5033.24
1989,2025-07-10,Sales,Service Revenue,Income,Service Revenue - Sales - Jul 2025,4040.41
1990,2025-07-10,Sales,Salaries,Expense,Salaries - Sales - Jul 2025,7077.17
1991,2025-07-11,Operations,Service Revenue,Income,Service Revenue - Operations - Jul 2025,2669.5
1992,2025-07-12,Marketing,Software Subscriptions,Expense,Software Subscriptions - Marketing - Jul 2025,216.47
1993,2025-07-12,IT,Office Supplies,Expense,Office Supplies - IT - Jul 2025,304.74
1994,2025-07-13,HR,Marketing Campaigns,Expense,Marketing Campaigns - HR - Jul 2025,2254.7
1995,2025-07-14,HR,Rent,Expense,Rent - HR - Jul 2025,1200.0
1996,2025-07-14,Sales,Consulting Fees,Income,Consulting Fees - Sales - Jul 2025,5145.09
1997,2025-07-14,Sales,Consulting Fees,Income,Consulting Fees - Sales - Jul 2025,4726.61
1998,2025-07-14,Sales,Salaries  ,Expense,Salaries - Sales - Jul 2025,3646.09
1999,2025-07-14,Operations,Salaries,Expense,Salaries - Operations - Jul 2025,4657.16
2000,2025-07-14,Marketing,Rent,Expense,Rent - Marketing - Jul 2025,1200.0
2001,2025-07-15,Sales,Product Sales,Income,Product Sales - Sales - Jul 2025,1558.56
2002,2025-07-15,Operations,Other Income  ,Income,Other Income - Operations - Jul 2025,478.55
2003,2025-07-15,Marketing,Rent,Expense,Rent - Marketing - Jul 2025,1200.0
2004,2025-07-16,Marketing,Maintenance,Expense,Maintenance - Marketing - Jul 2025,152.55
2005,2025-07-16,Marketing,Salaries,Expense,Salaries - Marketing - Jul 2025,3918.17
2006,2025-07-16,Sales,Other Income,Income,Other Income - Sales - Jul 2025,1386.74
2007,2025-07-16,Marketing,Office Supplies,Expense,Office Supplies - Marketing - Jul 2025,315.86
2008,2025-07-16,Sales,Service Revenue,Income,Service Revenue - Sales - Jul 2025,4480.6
2009,2025-07-16,Sales,Marketing Campaigns  ,Expense,Marketing Campaigns - Sales - Jul 2025,1914.33
2010,2025-07-16,Sales,Product Sales,Income,Product Sales - Sales - Jul 2025,7972.04
2011,2025-07-16,IT,Maintenance,Expense,Maintenance - IT - Jul 2025,656.65
2012,2025-07-16,HR,Professional Services,Expense,Professional Services - HR - Jul 2025,482.04
2013,2025-07-17,HR,Salaries,Expense,Salaries - HR - Jul 2025,6502.92
2014,2025-07-17,Sales,Other Income,Income,Other Income - Sales - Jul 2025,922.62
2015,2025-07-17,Sales,Product Sales,Income,Product Sales - Sales - Jul 2025,6927.38
2016,2025-07-17,IT,Marketing Campaigns,Expense,Marketing Campaigns - IT - Jul 2025,3128.0
2017,2025-07-17,Operations,Software Subscriptions,Expense,Software Subscriptions - Operations - Jul 2025,850.1
2018,2025-07-17,HR,Rent,Expense,Rent - HR - Jul 2025,1200.0
2019,2025-07-17,Sales,Taxes,Expense,Taxes - Sales - Jul 2025,755.99
2020,2025-07-17,HR,Software Subscriptions,Expense,Software Subscriptions - HR - Jul 2025,260.83
2021,2025-07-17,Sales,Other Income,Income,Other Income - Sales - Jul 2025,382.51
2022,2025-07-17,Operations,Salaries,Expense,Salaries - Operations - Jul 2025,7120.41
2023,2025-07-18,Marketing,Rent,Expense,Rent - Marketing - Jul 2025,1200.0
2024,2025-07-18,Marketing,Rent,Expense,Rent - Marketing - Jul 2025,1200.0
2025,2025-07-18,Sales,Professional Services,Expense,Professional Services - Sales - Jul 2025,1296.07
2026,2025-07-18,IT,Travel,Expense,Travel - IT - Jul 2025,1621.81
2027,2025-07-18,Sales,Other Income,Income,Other Income - Sales - Jul 2025,1119.84
2028,2025-07-19,Sales,Service Revenue  ,Income,Service Revenue - Sales - Jul 2025,975.28
2029,2025-07-21,Operations,Rent,Expense,Rent - Operations - Jul 2025,1200.0
2030,2025-07-21,Sales,Other Income,Income,Other Income - Sales - Jul 2025,1323.4
2031,2025-07-21,HR,Marketing Campaigns,Expense,Marketing Campaigns - HR - Jul 2025,2366.91
2032,2025-07-21,IT,Salaries,Expense,Salaries - IT - Jul 2025,7413.26
2033,2025-07-21,HR,Salaries,Expense,Salaries - HR - Jul 2025,6917.84
2034,2025-07-22,Admin,Salaries,Expense,Salaries - Admin - Jul 2025,2161.63
2035,2025-07-22,HR,Salaries,Expense,Salaries - HR - Jul 2025,2886.35
2036,2025-07-22,Sales,Consulting Fees,Income,Consulting Fees - Sales - Jul 2025,2887.56
2037,2025-07-22,HR,Maintenance,Expense,Maintenance - HR - Jul 2025,750.2
2038,2025-07-22,Sales,Consulting Fees,Income,Consulting Fees - Sales - Jul 2025,5945.66
2039,2025-07-22,SALES,Service Revenue,Income,Service Revenue - Sales - Jul 2025,3940.43
2040,2025-07-22,Sales,Product Sales,Income,Product Sales - Sales - Jul 2025,1741.4
2041,2025-07-23,Operations,Service Revenue,Income,Service Revenue - Operations - Jul 2025,3778.25
2042,2025-07-23,Operations,Travel,Expense,Travel - Operations - Jul 2025,1062.42
2043,2025-07-23,Operations,product sales,Income,Product Sales - Operations - Jul 2025,5879.96
2044,2025-07-23,Operations,Product Sales,Income,Product Sales - Operations - Jul 2025,3128.17
2045,2025-07-24,Sales,Maintenance,Expense,Maintenance - Sales - Jul 2025,1096.06
2046,2025-07-24,Admin,Taxes,Expense,Taxes - Admin - Jul 2025,3340.12
2047,2025-07-24,Operations,Service Revenue,Income,Service Revenue - Operations - Jul 2025,1556.06
2048,2025-07-24,Sales,Product Sales,Income,Product Sales - Sales - Jul 2025,3874.22
2049,2025-07-25,IT,Taxes,Expense,,2328.24
2050,2025-07-25,IT,Taxes,Expense,Taxes - IT - Jul 2025,1815.68
2051,2025-07-25,Sales,Consulting Fees,Income,Consulting Fees - Sales - Jul 2025,1755.04
2052,2025-07-25,Sales,Marketing Campaigns,Expense,Marketing Campaigns - Sales - Jul 2025,2579.77
2053,2025-07-25,Admin,Rent,Expense,Rent - Admin - Jul 2025,1200.0
2054,2025-07-25,Admin,Marketing Campaigns,Expense,Marketing Campaigns - Admin - Jul 2025,1100.28
2055,2025-07-28,Operations,Other Income,Income,Other Income - Operations - Jul 2025,472.28
2056,2025-07-29,Admin,Taxes,Expense,Taxes - Admin - Jul 2025,3281.1
2057,2025-07-29,HR,Salaries,Expense,Salaries - HR - Jul 2025,3845.02
2058,2025-07-29,Sales,Other Income,Income,Other Income - Sales - Jul 2025,134.48
2059,2025-07-29,Marketing,Office Supplies,Expense,Office Supplies - Marketing - Jul 2025,169.35
2060,2025-07-29,Sales,Marketing Campaigns,Expense,Marketing Campaigns - Sales - Jul 2025,3685.72
2061,2025-07-29,Sales,Service Revenue,Income,Service Revenue - Sales - Jul 2025,387.21
2062,2025-07-29,Operations,Office Supplies,Expense,Office Supplies - Operations - Jul 2025,200.37
2063,2025-07-29,Sales,Service Revenue,Income,Service Revenue - Sales - Jul 2025,529.89
2064,2025-07-30,Sales,Consulting Fees,Income,Consulting Fees - Sales - Jul 2025,847.29
2065,2025-07-30,Operations,Software Subscriptions,Expense,Software Subscriptions - Operations - Jul 2025,295.37
2066,2025-07-30,Operations,Other Income  ,Income,Other Income - Operations - Jul 2025,1039.1
2067,2025-07-30,Sales,Other Income,Income,Other Income - Sales - Jul 2025,1120.9
2068,2025-07-31,Sales,Marketing Campaigns,Expense,Marketing Campaigns - Sales - Jul 2025,2847.1
2069,2025-07-31,Sales,Utilities,Expense,Utilities - Sales - Jul 2025,472.53
2070,2025-08-01,Operations,Service Revenue,Income,Service Revenue - Operations - Aug 2025,4385.16
2071,2025-08-01,Admin,Marketing Campaigns,Expense,Marketing Campaigns - Admin - Aug 2025,2736.11
2072,2025-08-01,IT,Utilities,Expense,Utilities - IT - Aug 2025,569.26
2073,2025-08-01,Marketing,Taxes,Expense,Taxes - Marketing - Aug 2025,1408.57
2074,2025-08-01,Operations,Professional Services,Expense,Professional Services - Operations - Aug 2025,1401.94
2075,2025-08-01,Sales,Office Supplies,Expense,Office Supplies - Sales - Aug 2025,360.7
2076,2025-08-01,Sales,Other Income,Income,Other Income - Sales - Aug 2025,250.89
2077,2025-08-02,Marketing,Salaries,Expense,Salaries - Marketing - Aug 2025,8435.07
2078,2025-08-02,Operations,Office Supplies,Expense,Office Supplies - Operations - Aug 2025,76.93
2079,2025-08-02,HR,Software Subscriptions,Expense,Software Subscriptions - HR - Aug 2025,529.31
2080,2025-08-02,IT,Professional Services,Expense,Professional Services - IT - Aug 2025,1147.85
2081,2025-08-02,Sales,Other Income,Income,Other Income - Sales - Aug 2025,517.58
2082,2025-08-02,Sales,Service Revenue,Income,Service Revenue - Sales - Aug 2025,2743.23
2083,2025-08-03,Sales,Product Sales,Income,Product Sales - Sales - Aug 2025,1961.03
2084,2025-08-03,Operations,Consulting Fees,Income,Consulting Fees - Operations - Aug 2025,2707.86
2085,2025-08-03,Operations,Other Income,Income,Other Income - Operations - Aug 2025,215.91
2086,2025-08-03,Operations,Service Revenue,Income,Service Revenue - Operations - Aug 2025,3402.56
2087,2025-08-03,Marketing,Salaries,Expense,Salaries - Marketing - Aug 2025,2091.85
2088,2025-08-04,Operations,Marketing Campaigns,Expense,Marketing Campaigns - Operations - Aug 2025,624.18
2089,2025-08-04,Admin,Professional Services,Expense,Professional Services - Admin - Aug 2025,1318.67
2090,2025-08-04,Operations,Software Subscriptions,Expense,Software Subscriptions - Operations - Aug 2025,87.15
2091,2025-08-04,Sales,Marketing Campaigns,Expense,Marketing Campaigns - Sales - Aug 2025,2835.54
2092,2025-08-04,Sales,Product Sales,Income,Product Sales - Sales - Aug 2025,2302.42
2093,2025-08-05,Sales,service revenue,Income,Service Revenue - Sales - Aug 2025,1369.54
2094,2025-08-05,Sales,Consulting Fees,Income,Consulting Fees - Sales - Aug 2025,2713.96
2095,2025-08-05,HR,Travel,Expense,Travel - HR - Aug 2025,452.87
2096,2025-08-05,Sales,other income,Income,Other Income - Sales - Aug 2025,432.74
2097,2025-08-05,IT,Professional Services,Expense,Professional Services - IT - Aug 2025,806.51
2098,2025-08-06,Sales,Product Sales,Income,Product Sales - Sales - Aug 2025,6712.12
2099,2025-08-06,Sales,Taxes,Expense,Taxes - Sales - Aug 2025,2337.88
2100,2025-08-06,Marketing,Maintenance,Expense,Maintenance - Marketing - Aug 2025,641.39
2101,2025-08-07,Marketing,Office Supplies,Expense,Office Supplies - Marketing - Aug 2025,300.86
2102,2025-08-07,Sales,Other Income,Income,Other Income - Sales - Aug 2025,1260.13
2103,2025-08-07,Sales,consulting fees,Income,Consulting Fees - Sales - Aug 2025,3801.08
2104,2025-08-07,Operations,Office Supplies,Expense,Office Supplies - Operations - Aug 2025,222.03
2105,2025-08-07,Admin,Taxes,Expense,Taxes - Admin - Aug 2025,1116.83
2106,2025-08-08,Operations,Travel,Expense,Travel - Operations - Aug 2025,599.41
2107,2025-08-08,Sales,Product Sales,Income,Product Sales - Sales - Aug 2025,2420.8
2108,2025-08-08,Operations,Other Income,Income,Other Income - Operations - Aug 2025,1034.35
2109,2025-08-08,Sales,Service Revenue,Income,Service Revenue - Sales - Aug 2025,578.58
2110,2025-08-08,Operations,Product Sales,Income,Product Sales - Operations - Aug 2025,4288.68
2111,2025-08-10,IT,Marketing Campaigns,Expense,Marketing Campaigns - IT - Aug 2025,3668.48
2112,2025-08-11,Sales,Office Supplies,Expense,Office Supplies - Sales - Aug 2025,249.25
2113,2025-08-11,Operations,Salaries,Expense,Salaries - Operations - Aug 2025,6126.1
2114,2025-08-11,Operations,Consulting Fees,Income,Consulting Fees - Operations - Aug 2025,3345.88
2115,2025-08-11,Sales,Service Revenue,Income,Service Revenue - Sales - Aug 2025,1102.68
2116,2025-08-11,Sales,Other Income,Income,Other Income - Sales - Aug 2025,621.46
2117,2025-08-11,IT,Travel  ,Expense,Travel - IT - Aug 2025,1394.84
2118,2025-08-11,Sales,Office Supplies,Expense,Office Supplies - Sales - Aug 2025,310.65
2119,2025-08-11,HR,Software Subscriptions,Expense,Software Subscriptions - HR - Aug 2025,40.02
2120,2025-08-11,IT,Marketing Campaigns,Expense,Marketing Campaigns - IT - Aug 2025,250.02
2121,2025-08-12,Sales,Rent,Expense,Rent - Sales - Aug 2025,1200.0
2122,2025-08-12,Operations,Service Revenue,Income,Service Revenue - Operations - Aug 2025,902.33
2123,2025-08-12,Admin,Software Subscriptions,Expense,Software Subscriptions - Admin - Aug 2025,723.17
2124,2025-08-12,Marketing,Marketing Campaigns,Expense,Marketing Campaigns - Marketing - Aug 2025,1283.74
2125,2025-08-13,Marketing,Software Subscriptions,Expense,Software Subscriptions - Marketing - Aug 2025,897.93
2126,2025-08-13,Operations,Rent,Expense,Rent - Operations - Aug 2025,1200.0
2127,2025-08-13,IT,Marketing Campaigns,Expense,Marketing Campaigns - IT - Aug 2025,2250.11
2128,2025-08-13,Operations,Marketing Campaigns,Expense,Marketing Campaigns - Operations - Aug 2025,3323.29
2129,2025-08-13,HR,Salaries,Expense,Salaries - HR - Aug 2025,4322.44
2130,2025-08-13,Admin,salaries,Expense,Salaries - Admin - Aug 2025,5632.97
2131,2025-08-13,Admin,Software Subscriptions,Expense,Software Subscriptions - Admin - Aug 2025,649.98
2132,2025-08-14,Marketing,Professional Services,Expense,Professional Services - Marketing - Aug 2025,882.82
2133,2025-08-14,Sales,Consulting Fees,Income,Consulting Fees - Sales - Aug 2025,1782.43
2134,2025-08-14,Operations,Product Sales,Income,Product Sales - Operations - Aug 2025,6609.34
2135,2025-08-14,Sales,Office Supplies,Expense,Office Supplies - Sales - Aug 2025,125.6
2136,2025-08-14,Sales,Service Revenue,Income,Service Revenue - Sales - Aug 2025,1688.71
2137,2025-08-14,Sales,Taxes,Expense,Taxes - Sales - Aug 2025,4468.83
2138,2025-08-14,Operations,Rent,Expense,Rent - Operations - Aug 2025,1200.0
2139,2025-08-15,Marketing,Taxes,Expense,Taxes - Marketing - Aug 2025,2944.19
2140,2025-08-15,Admin,Utilities,Expense,Utilities - Admin - Aug 2025,526.82
2141,2025-08-15,Admin,Taxes,Expense,Taxes - Admin - Aug 2025,1895.12
2142,2025-08-15,Operations,Professional Services,Expense,Professional Services - Operations - Aug 2025,478.22
2143,2025-08-15,IT,Utilities,Expense,Utilities - IT - Aug 2025,487.4
2144,2025-08-16,Operations,Office Supplies,Expense,Office Supplies - Operations - Aug 2025,290.11
2145,2025-08-17,Sales,Utilities,Expense,Utilities - Sales - Aug 2025,537.32
2146,2025-08-17,IT,Travel,Expense,Travel - IT - Aug 2025,2372.88
2147,2025-08-17,Sales,Marketing Campaigns,Expense,Marketing Campaigns - Sales - Aug 2025,336.74
2148,2025-08-18,Operations,Maintenance,Expense,Maintenance - Operations - Aug 2025,83.09
2149,2025-08-18,Marketing,Travel,Expense,Travel - Marketing - Aug 2025,722.48
2150,2025-08-18,HR,Utilities,Expense,Utilities - HR - Aug 2025,323.5
2151,2025-08-18,SALES,Software Subscriptions,Expense,Software Subscriptions - Sales - Aug 2025,735.66
2152,2025-08-19,Sales,Product Sales,Income,,2130.63
2153,2025-08-19,Sales,Taxes,Expense,Taxes - Sales - Aug 2025,1258.73
2154,2025-08-19,HR,Salaries,Expense,Salaries - HR - Aug 2025,5500.44
2155,2025-08-19,Operations,Product Sales  ,Income,Product Sales - Operations - Aug 2025,1713.58
2156,2025-08-19,HR,Marketing Campaigns,Expense,Marketing Campaigns - HR - Aug 2025,1449.67
2157,2025-08-20,Operations,Taxes,Expense,Taxes - Operations - Aug 2025,2505.77
2158,2025-08-20,Admin,Salaries,Expense,Salaries - Admin - Aug 2025,6163.81
2159,2025-08-20,Admin,Travel,Expense,Travel - Admin - Aug 2025,1852.89
2160,2025-08-20,HR,Maintenance,Expense,Maintenance - HR - Aug 2025,1045.77
2161,2025-08-20,IT,Maintenance,Expense,Maintenance - IT - Aug 2025,896.85
2162,2025-08-20,Sales,Other Income,Income,Other Income - Sales - Aug 2025,1468.1
2163,2025-08-21,Sales,Consulting Fees,Income,Consulting Fees - Sales - Aug 2025,1637.84
2164,2025-08-21,IT,Marketing Campaigns,Expense,Marketing Campaigns - IT - Aug 2025,2773.82
2165,2025-08-22,MARKETING,Professional Services,Expense,Professional Services - Marketing - Aug 2025,583.47
2166,2025-08-22,Sales,Other Income,Income,Other Income - Sales - Aug 2025,83.85
2167,2025-08-22,Operations,consulting fees,Income,Consulting Fees - Operations - Aug 2025,3897.58
2168,2025-08-22,IT,Utilities,Expense,Utilities - IT - Aug 2025,402.05
2169,2025-08-22,Operations,Travel,Expense,Travel - Operations - Aug 2025,463.86
2170,2025-08-22,Admin,Marketing Campaigns,Expense,Marketing Campaigns - Admin - Aug 2025,326.87
2171,2025-08-23,IT,Maintenance,Expense,Maintenance - IT - Aug 2025,253.42
2172,2025-08-24,HR,Salaries,Expense,Salaries - HR - Aug 2025,4599.0
2173,2025-08-25,Admin,Marketing Campaigns,Expense,Marketing Campaigns - Admin - Aug 2025,3300.51
2174,2025-08-25,Operations,Software Subscriptions,Expense,Software Subscriptions - Operations - Aug 2025,502.48
2175,2025-08-25,Admin,Travel,Expense,Travel - Admin - Aug 2025,1738.19
2176,2025-08-25,Sales,Consulting Fees,Income,Consulting Fees - Sales - Aug 2025,4007.62
2177,2025-08-26,ADMIN,Maintenance,Expense,Maintenance - Admin - Aug 2025,797.11
2178,2025-08-26,Sales,other income,Income,Other Income - Sales - Aug 2025,244.98
2179,2025-08-26,Marketing,Office Supplies,Expense,Office Supplies - Marketing - Aug 2025,80.93
2180,2025-08-26,Sales,Professional Services,Expense,Professional Services - Sales - Aug 2025,1532.24
2181,2025-08-27,Operations,Consulting Fees,Income,Consulting Fees - Operations - Aug 2025,2261.99
2182,2025-08-27,Sales,Other Income,Income,Other Income - Sales - Aug 2025,1102.96
2183,2025-08-27,HR,Maintenance  ,Expense,Maintenance - HR - Aug 2025,1103.49
2184,2025-08-27,IT,Maintenance,Expense,Maintenance - IT - Aug 2025,67.37
2185,2025-08-27,Sales,Consulting Fees,Income,Consulting Fees - Sales - Aug 2025,2084.24
2186,2025-08-27,Sales,Other Income,Income,Other Income - Sales - Aug 2025,1278.65
2187,2025-08-28,HR,Utilities,Expense,Utilities - HR - Aug 2025,242.11
2188,2025-08-28,IT,Marketing Campaigns,Expense,Marketing Campaigns - IT - Aug 2025,1468.56
2189,2025-08-28,Operations,Service Revenue,Income,Service Revenue - Operations - Aug 2025,3935.46
2190,2025-08-28,Admin,software subscriptions,Expense,Software Subscriptions - Admin - Aug 2025,385.67
2191,2025-08-29,Operations,Other Income,Income,Other Income - Operations - Aug 2025,963.58
2192,2025-08-29,Sales,Service Revenue,Income,Service Revenue - Sales - Aug 2025,1581.8
2193,2025-08-29,Marketing,Taxes,Expense,Taxes - Marketing - Aug 2025,2268.25
2194,2025-08-29,Admin,Taxes,Expense,Taxes - Admin - Aug 2025,2586.22
2195,2025-08-29,Operations,Travel,Expense,Travel - Operations - Aug 2025,506.72
2196,2025-08-31,HR,Marketing Campaigns,Expense,Marketing Campaigns - HR - Aug 2025,3130.36
2197,2025-08-31,Sales,Service Revenue,Income,Service Revenue - Sales - Aug 2025,1386.52
2198,2025-09-01,Sales,Taxes,Expense,Taxes - Sales - Sep 2025,996.1
2199,2025-09-01,Sales,Other Income,Income,Other Income - Sales - Sep 2025,232.62
2200,2025-09-01,Operations,Taxes,Expense,Taxes - Operations - Sep 2025,1839.49
2201,2025-09-01,Sales,Other Income,Income,Other Income - Sales - Sep 2025,97.46
2202,2025-09-01,Sales,Software Subscriptions,Expense,Software Subscriptions - Sales - Sep 2025,74.35
2203,2025-09-02,Sales,Professional Services,Expense,Professional Services - Sales - Sep 2025,1529.49
2204,2025-09-03,Operations,Service Revenue,Income,Service Revenue - Operations - Sep 2025,4993.86
2205,2025-09-03,Operations,Office Supplies,Expense,Office Supplies - Operations - Sep 2025,328.39
2206,2025-09-03,HR,Software Subscriptions,Expense,Software Subscriptions - HR - Sep 2025,484.35
2207,2025-09-03,Sales,Consulting Fees,Income,Consulting Fees - Sales - Sep 2025,5784.6
2208,2025-09-03,Admin,Software Subscriptions,Expense,Software Subscriptions - Admin - Sep 2025,518.65
2209,2025-09-03,Operations,Software Subscriptions,Expense,Software Subscriptions - Operations - Sep 2025,488.07
2210,2025-09-04,Operations,Consulting Fees,Income,Consulting Fees - Operations - Sep 2025,1822.21
2211,2025-09-04,HR,Travel,Expense,Travel - HR - Sep 2025,1256.54
2212,2025-09-04,Operations,Service Revenue,Income,Service Revenue - Operations - Sep 2025,421.85
2213,2025-09-04,Sales,Product Sales,Income,Product Sales - Sales - Sep 2025,6506.65
2214,2025-09-04,Operations,Travel,Expense,Travel - Operations - Sep 2025,201.83
2215,2025-09-05,Operations,Product Sales,Income,Product Sales - Operations - Sep 2025,5267.38
2216,2025-09-05,IT,Office Supplies,Expense,Office Supplies - IT - Sep 2025,370.12
2217,2025-09-05,Operations,Software Subscriptions,Expense,Software Subscriptions - Operations - Sep 2025,697.93
2218,2025-09-06,Admin,Taxes,Expense,Taxes - Admin - Sep 2025,1678.02
2219,2025-09-06,HR,Marketing Campaigns,Expense,Marketing Campaigns - HR - Sep 2025,3357.43
2220,2025-09-06,Marketing,Professional Services  ,Expense,Professional Services - Marketing - Sep 2025,1211.38
2221,2025-09-06,Operations,Other Income  ,Income,Other Income - Operations - Sep 2025,741.05
2222,2025-09-06,Sales,Consulting Fees,Income,Consulting Fees - Sales - Sep 2025,2660.54
2223,2025-09-06,Sales,Product Sales,Income,Product Sales - Sales - Sep 2025,7782.72
2224,2025-09-07,Operations,Other Income,Income,Other Income - Operations - Sep 2025,1285.59
2225,2025-09-07,Sales,Product Sales,Income,Product Sales - Sales - Sep 2025,6244.1
2226,2025-09-07,Operations,Rent,Expense,Rent - Operations - Sep 2025,1200.0
2227,2025-09-08,Operations,Marketing Campaigns,Expense,Marketing Campaigns - Operations - Sep 2025,1963.0
2228,2025-09-08,Sales,Other Income  ,Income,Other Income - Sales - Sep 2025,1208.41
2229,2025-09-08,Marketing,Taxes,Expense,Taxes - Marketing - Sep 2025,2784.47
2230,2025-09-09,Sales,Product Sales,Income,Product Sales - Sales - Sep 2025,3127.38
2231,2025-09-09,Operations,Salaries,Expense,Salaries - Operations - Sep 2025,8133.45
2232,2025-09-09,Operations,Marketing Campaigns,Expense,Marketing Campaigns - Operations - Sep 2025,1805.63
2233,2025-09-10,Sales,Taxes,Expense,Taxes - Sales - Sep 2025,4031.21
2234,2025-09-10,Sales,Consulting Fees,Income,Consulting Fees - Sales - Sep 2025,3912.13
2235,2025-09-11,Sales,Utilities,Expense,Utilities - Sales - Sep 2025,330.4
2236,2025-09-11,Marketing,software subscriptions,Expense,Software Subscriptions - Marketing - Sep 2025,94.97
2237,2025-09-11,HR,Taxes,Expense,Taxes - HR - Sep 2025,3041.28
2238,2025-09-11,Sales,Consulting Fees,Income,Consulting Fees - Sales - Sep 2025,5626.36
2239,2025-09-11,Operations,Maintenance,Expense,Maintenance - Operations - Sep 2025,938.87
2240,2025-09-12,Sales,Other Income,Income,Other Income - Sales - Sep 2025,904.14
2241,2025-09-12,IT,Software Subscriptions,Expense,Software Subscriptions - IT - Sep 2025,211.49
2242,2025-09-12,Sales,Other Income,Income,Other Income - Sales - Sep 2025,590.0
2243,2025-09-12,Admin,Taxes,Expense,Taxes - Admin - Sep 2025,3736.72
2244,2025-09-13,Sales,Product Sales,Income,Product Sales - Sales - Sep 2025,3571.78
2245,2025-09-13,Operations,Salaries,Expense,Salaries - Operations - Sep 2025,7408.42
2246,2025-09-15,Sales,Rent,Expense,Rent - Sales - Sep 2025,1200.0
2247,2025-09-15,Operations,Utilities,Expense,Utilities - Operations - Sep 2025,447.03
2248,2025-09-15,Operations,taxes,Expense,Taxes - Operations - Sep 2025,3716.77
2249,2025-09-15,Operations,Utilities,Expense,Utilities - Operations - Sep 2025,150.15
2250,2025-09-15,Sales,Product Sales,Income,Product Sales - Sales - Sep 2025,4095.66
2251,2025-09-16,Admin,Office Supplies,Expense,Office Supplies - Admin - Sep 2025,237.36
2252,2025-09-16,Admin,Maintenance,Expense,Maintenance - Admin - Sep 2025,613.6
2253,2025-09-17,Sales,Consulting Fees,Income,Consulting Fees - Sales - Sep 2025,1863.31
2254,2025-09-17,Operations,Marketing Campaigns,Expense,Marketing Campaigns - Operations - Sep 2025,2819.76
2255,2025-09-17,Sales,Other Income,Income,Other Income - Sales - Sep 2025,300.5
2256,2025-09-17,Operations,Maintenance,Expense,Maintenance - Operations - Sep 2025,385.06
2257,2025-09-18,Sales,Service Revenue,Income,Service Revenue - Sales - Sep 2025,4379.18
2258,2025-09-18,HR,Travel,Expense,Travel - HR - Sep 2025,1970.03
2259,2025-09-18,Sales,Travel,Expense,Travel - Sales - Sep 2025,1754.75
2260,2025-09-18,Sales,Taxes,Expense,Taxes - Sales - Sep 2025,1096.47
2261,2025-09-18,IT,Utilities,Expense,Utilities - IT - Sep 2025,595.82
2262,2025-09-19,IT,Maintenance,Expense,Maintenance - IT - Sep 2025,487.74
2263,2025-09-19,SALES,Salaries,Expense,Salaries - Sales - Sep 2025,7848.76
2264,2025-09-20,Admin,Travel,Expense,Travel - Admin - Sep 2025,1541.34
2265,2025-09-20,Sales,Product Sales,Income,Product Sales - Sales - Sep 2025,3438.01
2266,2025-09-21,Marketing,Marketing Campaigns,Expense,Marketing Campaigns - Marketing - Sep 2025,292.31
2267,2025-09-22,Operations,Service Revenue,Income,Service Revenue - Operations - Sep 2025,2479.29
2268,2025-09-22,Sales,Product Sales,Income,Product Sales - Sales - Sep 2025,4463.86
2269,2025-09-22,HR,Software Subscriptions,Expense,Software Subscriptions - HR - Sep 2025,760.46
2270,2025-09-23,Marketing,travel,Expense,Travel - Marketing - Sep 2025,2286.45
2271,2025-09-23,HR,Professional Services,Expense,Professional Services - HR - Sep 2025,1427.53
2272,2025-09-23,Sales,Product Sales,Income,Product Sales - Sales - Sep 2025,7227.22
2273,2025-09-24,HR,Utilities,Expense,Utilities - HR - Sep 2025,398.72
2274,2025-09-24,Sales,Salaries,Expense,Salaries - Sales - Sep 2025,5576.51
2275,2025-09-24,Sales,Consulting Fees,Income,Consulting Fees - Sales - Sep 2025,5283.92
2276,2025-09-24,Operations,Other Income  ,Income,Other Income - Operations - Sep 2025,563.65
2277,2025-09-24,Operations,Software Subscriptions,Expense,Software Subscriptions - Operations - Sep 2025,500.73
2278,2025-09-25,HR,Professional Services,Expense,Professional Services - HR - Sep 2025,1678.09
2279,2025-09-26,Sales,Service Revenue,Income,Service Revenue - Sales - Sep 2025,3735.0
2280,2025-09-26,Marketing,Salaries,Expense,Salaries - Marketing - Sep 2025,3477.09
2281,2025-09-26,HR,Salaries,Expense,Salaries - HR - Sep 2025,5820.44
2282,2025-09-26,Sales,Consulting Fees,Income,Consulting Fees - Sales - Sep 2025,1238.8
2283,2025-09-26,Admin,rent,Expense,Rent - Admin - Sep 2025,1200.0
2284,2025-09-26,Operations,Consulting Fees,Income,Consulting Fees - Operations - Sep 2025,1629.8
2285,2025-09-26,Marketing,Taxes,Expense,Taxes - Marketing - Sep 2025,3801.4
2286,2025-09-27,Operations,Other Income,Income,Other Income - Operations - Sep 2025,1211.11
2287,2025-09-27,Sales,Consulting Fees,Income,Consulting Fees - Sales - Sep 2025,1929.15
2288,2025-09-28,Operations,Maintenance,Expense,Maintenance - Operations - Sep 2025,419.21
2289,2025-09-29,Sales,Other Income,Income,Other Income - Sales - Sep 2025,564.46
2290,2025-09-29,Operations,Consulting Fees,Income,Consulting Fees - Operations - Sep 2025,5067.43
2291,2025-09-29,Admin,Office Supplies,Expense,Office Supplies - Admin - Sep 2025,279.97
2292,2025-09-30,Operations,Other Income,Income,Other Income - Operations - Sep 2025,691.02
2293,2025-09-30,Sales,Service Revenue,Income,Service Revenue - Sales - Sep 2025,4332.43
2294,2025-09-30,Operations,Professional Services,Expense,Professional Services - Operations - Sep 2025,2668.45
2295,2025-09-30,Operations,Software Subscriptions,Expense,Software Subscriptions - Operations - Sep 2025,874.7
2296,2025-09-30,Operations,Rent,Expense,Rent - Operations - Sep 2025,1200.0
2297,2025-10-01,IT,Utilities,Expense,Utilities - IT - Oct 2025,469.31
2298,2025-10-01,Operations,Consulting Fees,Income,Consulting Fees - Operations - Oct 2025,5477.84
2299,2025-10-01,SALES,Service Revenue,Income,Service Revenue - Sales - Oct 2025,4360.09
2300,2025-10-01,Sales,Other Income,Income,Other Income - Sales - Oct 2025,1188.9
2301,2025-10-01,Admin,utilities,Expense,Utilities - Admin - Oct 2025,422.88
2302,2025-10-01,Sales,software subscriptions,Expense,Software Subscriptions - Sales - Oct 2025,35.56
2303,2025-10-01,Operations,Service Revenue,Income,Service Revenue - Operations - Oct 2025,3801.08
2304,2025-10-02,Sales,Consulting Fees,Income,Consulting Fees - Sales - Oct 2025,5432.12
2305,2025-10-02,Sales,Taxes,Expense,Taxes - Sales - Oct 2025,1531.43
2306,2025-10-02,Operations,Consulting Fees,Income,Consulting Fees - Operations - Oct 2025,4819.77
2307,2025-10-03,HR,Travel,Expense,Travel - HR - Oct 2025,588.53
2308,2025-10-03,Sales,Consulting Fees  ,Income,Consulting Fees - Sales - Oct 2025,2531.09
2309,2025-10-03,HR,Taxes,Expense,Taxes - HR - Oct 2025,4765.33
2310,2025-10-03,Marketing,Professional Services,Expense,Professional Services - Marketing - Oct 2025,2633.71
2311,2025-10-03,HR,Taxes,Expense,Taxes - HR - Oct 2025,4470.56
2312,2025-10-04,Operations,Maintenance,Expense,Maintenance - Operations - Oct 2025,581.4
2313,2025-10-04,IT,Marketing Campaigns,Expense,Marketing Campaigns - IT - Oct 2025,905.74
2314,2025-10-05,Sales,Service Revenue,Income,Service Revenue - Sales - Oct 2025,596.59
2315,2025-10-06,Operations,Rent,Expense,Rent - Operations - Oct 2025,1200.0
2316,2025-10-06,Admin,Software Subscriptions,Expense,Software Subscriptions - Admin - Oct 2025,635.01
2317,2025-10-06,Operations,Salaries,Expense,Salaries - Operations - Oct 2025,5678.81
2318,2025-10-06,Marketing,Salaries,Expense,Salaries - Marketing - Oct 2025,8843.76
2319,2025-10-06,Sales,Consulting Fees,Income,Consulting Fees - Sales - Oct 2025,3631.47
2320,2025-10-06,Operations,service revenue,Income,Service Revenue - Operations - Oct 2025,1347.72
2321,2025-10-06,Operations,Software Subscriptions,Expense,Software Subscriptions - Operations - Oct 2025,353.54
2322,2025-10-07,Sales,Other Income,Income,Other Income - Sales - Oct 2025,966.8
2323,2025-10-07,IT,Utilities,Expense,Utilities - IT - Oct 2025,204.65
2324,2025-10-07,Operations,Consulting Fees,Income,Consulting Fees - Operations - Oct 2025,2904.57
2325,2025-10-07,Operations,Taxes,Expense,Taxes - Operations - Oct 2025,3960.43
2326,2025-10-07,Marketing,Professional Services,Expense,Professional Services - Marketing - Oct 2025,710.09
2327,2025-10-07,Operations,Software Subscriptions,Expense,Software Subscriptions - Operations - Oct 2025,71.19
2328,2025-10-07,Admin,Office Supplies,Expense,Office Supplies - Admin - Oct 2025,218.46
2329,2025-10-07,Admin,Maintenance,Expense,Maintenance - Admin - Oct 2025,312.29
2330,2025-10-07,IT,Taxes,Expense,Taxes - IT - Oct 2025,3267.57
2331,2025-10-08,Operations,Product Sales,Income,Product Sales - Operations - Oct 2025,3529.67
2332,2025-10-08,Operations,Other Income,Income,Other Income - Operations - Oct 2025,1260.16
2333,2025-10-08,Sales,Consulting Fees  ,Income,Consulting Fees - Sales - Oct 2025,3072.38
2334,2025-10-09,Operations,Consulting Fees,Income,Consulting Fees - Operations - Oct 2025,818.74
2335,2025-10-09,Operations,Taxes,Expense,Taxes - Operations - Oct 2025,4544.03
2336,2025-10-09,Sales,Consulting Fees,Income,Consulting Fees - Sales - Oct 2025,1936.05
2337,2025-10-09,Admin,Travel,Expense,Travel - Admin - Oct 2025,1453.17
2338,2025-10-09,Sales,Travel  ,Expense,Travel - Sales - Oct 2025,1536.51
2339,2025-10-09,Operations,Product Sales,Income,Product Sales - Operations - Oct 2025,5013.57
2340,2025-10-09,Operations,Service Revenue,Income,Service Revenue - Operations - Oct 2025,2424.01
2341,2025-10-09,Sales,Service Revenue,Income,Service Revenue - Sales - Oct 2025,311.85
2342,2025-10-09,Admin,Travel,Expense,Travel - Admin - Oct 2025,1741.18
2343,2025-10-09,Sales,Other Income,Income,Other Income - Sales - Oct 2025,110.16
2344,2025-10-10,Operations,Other Income,Income,Other Income - Operations - Oct 2025,694.96
2345,2025-10-10,Operations,Marketing Campaigns,Expense,Marketing Campaigns - Operations - Oct 2025,2105.1
2346,2025-10-10,Admin,Taxes,Expense,Taxes - Admin - Oct 2025,3013.02
2347,2025-10-10,HR,Marketing Campaigns,Expense,Marketing Campaigns - HR - Oct 2025,3122.83
2348,2025-10-11,Marketing,Software Subscriptions,Expense,Software Subscriptions - Marketing - Oct 2025,385.3
2349,2025-10-11,Sales,Product Sales,Income,Product Sales - Sales - Oct 2025,1743.72
2350,2025-10-13,HR,salaries,Expense,Salaries - HR - Oct 2025,8016.97
2351,2025-10-13,HR,Software Subscriptions,Expense,Software Subscriptions - HR - Oct 2025,157.99
2352,2025-10-14,Sales,Software Subscriptions,Expense,Software Subscriptions - Sales - Oct 2025,148.0
2353,2025-10-14,Operations,Salaries,Expense,Salaries - Operations - Oct 2025,6101.78
2354,2025-10-14,HR,Marketing Campaigns,Expense,Marketing Campaigns - HR - Oct 2025,1087.27
2355,2025-10-14,IT,Rent,Expense,Rent - IT - Oct 2025,1200.0
2356,2025-10-14,Marketing,Office Supplies,Expense,Office Supplies - Marketing - Oct 2025,130.08
2357,2025-10-15,Operations,Product Sales,Income,Product Sales - Operations - Oct 2025,5429.1
2358,2025-10-15,Operations,Professional Services,Expense,Professional Services - Operations - Oct 2025,2932.77
2359,2025-10-15,Admin,Maintenance,Expense,Maintenance - Admin - Oct 2025,1099.51
2360,2025-10-15,OPERATIONS,Rent,Expense,Rent - Operations - Oct 2025,1200.0
2361,2025-10-16,Admin,Taxes,Expense,Taxes - Admin - Oct 2025,1098.29
2362,2025-10-16,HR,Taxes,Expense,Taxes - HR - Oct 2025,3477.22
2363,2025-10-16,Operations,taxes,Expense,Taxes - Operations - Oct 2025,4171.08
2364,2025-10-17,IT,Taxes,Expense,Taxes - IT - Oct 2025,4096.57
2365,2025-10-17,Operations,Salaries,Expense,Salaries - Operations - Oct 2025,6248.22
2366,2025-10-17,IT,Professional Services,Expense,Professional Services - IT - Oct 2025,1541.41
2367,2025-10-17,IT,Taxes,Expense,Taxes - IT - Oct 2025,3936.13
2368,2025-10-18,Operations,Taxes,Expense,Taxes - Operations - Oct 2025,3602.03
2369,2025-10-20,Sales,Rent,Expense,Rent - Sales - Oct 2025,1200.0
2370,2025-10-20,Sales,Consulting Fees,Income,Consulting Fees - Sales - Oct 2025,3253.57
2371,2025-10-20,Sales,Taxes,Expense,Taxes - Sales - Oct 2025,1124.55
2372,2025-10-20,Operations,Other Income,Income,Other Income - Operations - Oct 2025,599.86
2373,2025-10-20,Sales,Consulting Fees,Income,Consulting Fees - Sales - Oct 2025,852.91
2374,2025-10-20,IT,Taxes,Expense,Taxes - IT - Oct 2025,2079.29
2375,2025-10-20,IT,Office Supplies,Expense,Office Supplies - IT - Oct 2025,27.39
2376,2025-10-21,HR,Taxes,Expense,Taxes - HR - Oct 2025,3338.22
2377,2025-10-21,Sales,Other Income,Income,Other Income - Sales - Oct 2025,631.07
2378,2025-10-21,Sales,Product Sales,Income,Product Sales - Sales - Oct 2025,1741.71
2379,2025-10-22,Sales,Service Revenue,Income,Service Revenue - Sales - Oct 2025,1284.5
2380,2025-10-22,Sales,Other Income  ,Income,Other Income - Sales - Oct 2025,498.67
2381,2025-10-22,Operations,Utilities,Expense,Utilities - Operations - Oct 2025,165.31
2382,2025-10-22,Sales,Consulting Fees,Income,Consulting Fees - Sales - Oct 2025,2511.34
2383,2025-10-23,Admin,Travel,Expense,Travel - Admin - Oct 2025,1435.47
2384,2025-10-23,IT,Professional Services,Expense,Professional Services - IT - Oct 2025,2747.97
2385,2025-10-23,HR,Professional Services,Expense,Professional Services - HR - Oct 2025,1096.11
2386,2025-10-23,HR,Salaries,Expense,Salaries - HR - Oct 2025,5786.44
2387,2025-10-23,Sales,other income,Income,Other Income - Sales - Oct 2025,314.4
2388,2025-10-23,Admin,Travel,Expense,Travel - Admin - Oct 2025,871.01
2389,2025-10-24,IT,Taxes,Expense,Taxes - IT - Oct 2025,880.12
2390,2025-10-24,Sales,Service Revenue,Income,Service Revenue - Sales - Oct 2025,314.89
2391,2025-10-24,Sales,Other Income,Income,Other Income - Sales - Oct 2025,1035.57
2392,2025-10-24,Sales,Office Supplies  ,Expense,Office Supplies - Sales - Oct 2025,57.82
2393,2025-10-24,Sales,Consulting Fees,Income,Consulting Fees - Sales - Oct 2025,4860.24
2394,2025-10-26,Sales,Marketing Campaigns,Expense,Marketing Campaigns - Sales - Oct 2025,3647.61
2395,2025-10-26,Operations,Other Income,Income,Other Income - Operations - Oct 2025,1490.45
2396,2025-10-26,Marketing,Software Subscriptions  ,Expense,Software Subscriptions - Marketing - Oct 2025,312.76
2397,2025-10-27,HR,Professional Services,Expense,Professional Services - HR - Oct 2025,1463.15
2398,2025-10-27,Sales,Marketing Campaigns,Expense,Marketing Campaigns - Sales - Oct 2025,540.39
2399,2025-10-27,Sales,Other Income,Income,Other Income - Sales - Oct 2025,913.96
2400,2025-10-27,Sales,Product Sales,Income,Product Sales - Sales - Oct 2025,2220.02
2401,2025-10-28,Sales,Other Income,Income,Other Income - Sales - Oct 2025,1023.92
2402,2025-10-28,Sales,Consulting Fees  ,Income,Consulting Fees - Sales - Oct 2025,5414.81
2403,2025-10-29,Sales,Taxes,Expense,Taxes - Sales - Oct 2025,2733.17
2404,2025-10-29,HR,Marketing Campaigns,Expense,Marketing Campaigns - HR - Oct 2025,246.03
2405,2025-10-29,Sales,Product Sales,Income,Product Sales - Sales - Oct 2025,7354.99
2406,2025-10-29,Sales,Consulting Fees,Income,Consulting Fees - Sales - Oct 2025,1191.66
2407,2025-10-29,Admin,Maintenance,Expense,Maintenance - Admin - Oct 2025,731.79
2408,2025-10-29,Marketing,Taxes,Expense,Taxes - Marketing - Oct 2025,3330.76
2409,2025-10-30,IT,Marketing Campaigns,Expense,Marketing Campaigns - IT - Oct 2025,1004.66
2410,2025-10-30,HR,Travel,Expense,Travel - HR - Oct 2025,1025.16
2411,2025-10-30,HR,Office Supplies,Expense,Office Supplies - HR - Oct 2025,161.21
2412,2025-10-30,Marketing,salaries,Expense,Salaries - Marketing - Oct 2025,6219.34
2413,2025-10-30,Operations,Consulting Fees,Income,Consulting Fees - Operations - Oct 2025,1533.61
2414,2025-10-30,Admin,Travel,Expense,Travel - Admin - Oct 2025,1969.35
2415,2025-10-31,Admin,Maintenance,Expense,Maintenance - Admin - Oct 2025,928.11
2416,2025-11-01,Sales,software subscriptions,Expense,Software Subscriptions - Sales - Nov 2025,776.62
2417,2025-11-01,Operations,Consulting Fees,Income,Consulting Fees - Operations - Nov 2025,5200.39
2418,2025-11-01,Sales,Salaries,Expense,Salaries - Sales - Nov 2025,3689.59
2419,2025-11-01,Operations,Service Revenue,Income,Service Revenue - Operations - Nov 2025,4914.93
2420,2025-11-02,Admin,Maintenance,Expense,Maintenance - Admin - Nov 2025,1154.12
2421,2025-11-03,IT,Office Supplies,Expense,,261.85
2422,2025-11-03,HR,Software Subscriptions,Expense,Software Subscriptions - HR - Nov 2025,93.17
2423,2025-11-04,Sales,Service Revenue,Income,Service Revenue - Sales - Nov 2025,3598.35
2424,2025-11-04,Admin,Software Subscriptions,Expense,Software Subscriptions - Admin - Nov 2025,275.15
2425,2025-11-04,HR,Rent,Expense,Rent - HR - Nov 2025,1200.0
2426,2025-11-04,Operations,Travel,Expense,Travel - Operations - Nov 2025,1978.01
2427,2025-11-04,Sales,Other Income,Income,Other Income - Sales - Nov 2025,725.6
2428,2025-11-04,Marketing,Rent,Expense,Rent - Marketing - Nov 2025,1200.0
2429,2025-11-04,SALES,Product Sales,Income,Product Sales - Sales - Nov 2025,7345.19
2430,2025-11-05,IT,Rent,Expense,Rent - IT - Nov 2025,1200.0
2431,2025-11-05,HR,Software Subscriptions,Expense,Software Subscriptions - HR - Nov 2025,68.02
2432,2025-11-06,Sales,Consulting Fees,Income,Consulting Fees - Sales - Nov 2025,2789.07
2433,2025-11-06,Marketing,Salaries,Expense,Salaries - Marketing - Nov 2025,8611.94
2434,2025-11-06,Sales,Service Revenue,Income,Service Revenue - Sales - Nov 2025,3607.77
2435,2025-11-07,SALES,Utilities,Expense,Utilities - Sales - Nov 2025,190.73
2436,2025-11-07,HR,Professional Services  ,Expense,Professional Services - HR - Nov 2025,2345.38
2437,2025-11-07,Operations,Service Revenue,Income,Service Revenue - Operations - Nov 2025,4351.47
2438,2025-11-08,Operations,Product Sales,Income,Product Sales - Operations - Nov 2025,2070.47
2439,2025-11-08,Sales,Software Subscriptions,Expense,Software Subscriptions - Sales - Nov 2025,247.99
2440,2025-11-08,HR,Utilities,Expense,,176.62
2441,2025-11-09,Sales,Travel,Expense,Travel - Sales - Nov 2025,1965.66
2442,2025-11-10,Sales,Office Supplies,Expense,Office Supplies - Sales - Nov 2025,238.95
2443,2025-11-10,Sales,Product Sales,Income,Product Sales - Sales - Nov 2025,6435.22
2444,2025-11-11,Admin,Rent,Expense,Rent - Admin - Nov 2025,1200.0
2445,2025-11-11,OPERATIONS,Taxes  ,Expense,Taxes - Operations - Nov 2025,1433.89
2446,2025-11-11,SALES,Software Subscriptions,Expense,Software Subscriptions - Sales - Nov 2025,823.5
2447,2025-11-11,Sales,Product Sales,Income,Product Sales - Sales - Nov 2025,2974.26
2448,2025-11-12,Marketing,Travel,Expense,Travel - Marketing - Nov 2025,194.23
2449,2025-11-12,Operations,Professional Services,Expense,Professional Services - Operations - Nov 2025,1063.46
2450,2025-11-12,Sales,Service Revenue,Income,Service Revenue - Sales - Nov 2025,4861.29
2451,2025-11-12,Marketing,Taxes,Expense,Taxes - Marketing - Nov 2025,3258.04
2452,2025-11-12,Sales,Consulting Fees,Income,Consulting Fees - Sales - Nov 2025,5509.53
2453,2025-11-12,Admin,Marketing Campaigns  ,Expense,Marketing Campaigns - Admin - Nov 2025,673.95
2454,2025-11-13,Marketing,Taxes,Expense,Taxes - Marketing - Nov 2025,782.13
2455,2025-11-13,HR,Professional Services,Expense,Professional Services - HR - Nov 2025,2109.44
2456,2025-11-14,Sales,Software Subscriptions,Expense,Software Subscriptions - Sales - Nov 2025,432.73
2457,2025-11-14,Operations,Travel,Expense,,1494.36
2458,2025-11-15,Sales,Taxes,Expense,Taxes - Sales - Nov 2025,993.25
2459,2025-11-17,IT,Travel,Expense,Travel - IT - Nov 2025,635.07
2460,2025-11-17,IT,Utilities,Expense,Utilities - IT - Nov 2025,582.34
2461,2025-11-17,Admin,Salaries,Expense,Salaries - Admin - Nov 2025,5474.62
2462,2025-11-17,IT,marketing campaigns,Expense,Marketing Campaigns - IT - Nov 2025,2961.65
2463,2025-11-17,Sales,Service Revenue,Income,Service Revenue - Sales - Nov 2025,4350.32
2464,2025-11-17,HR,Travel,Expense,Travel - HR - Nov 2025,1810.16
2465,2025-11-18,Sales,Other Income,Income,Other Income - Sales - Nov 2025,96.84
2466,2025-11-18,IT,Rent,Expense,Rent - IT - Nov 2025,1200.0
2467,2025-11-18,HR,Rent,Expense,Rent - HR - Nov 2025,1200.0
2468,2025-11-19,Sales,Other Income,Income,Other Income - Sales - Nov 2025,1491.32
2469,2025-11-19,Sales,Other Income,Income,Other Income - Sales - Nov 2025,1124.25
2470,2025-11-19,IT,Marketing Campaigns,Expense,Marketing Campaigns - IT - Nov 2025,1826.79
2471,2025-11-20,HR,Taxes,Expense,Taxes - HR - Nov 2025,2601.08
2472,2025-11-20,Marketing,Marketing Campaigns,Expense,Marketing Campaigns - Marketing - Nov 2025,745.22
2473,2025-11-21,Sales,Consulting Fees,Income,Consulting Fees - Sales - Nov 2025,4047.62
2474,2025-11-21,HR,Taxes,Expense,Taxes - HR - Nov 2025,2706.33
2475,2025-11-21,HR,Rent,Expense,Rent - HR - Nov 2025,1200.0
2476,2025-11-22,HR,Travel,Expense,Travel - HR - Nov 2025,1445.44
2477,2025-11-24,IT,Utilities,Expense,Utilities - IT - Nov 2025,433.73
2478,2025-11-24,Sales,Maintenance,Expense,Maintenance - Sales - Nov 2025,154.22
2479,2025-11-24,Sales,Service Revenue,Income,Service Revenue - Sales - Nov 2025,390.29
2480,2025-11-24,Operations,Maintenance,Expense,Maintenance - Operations - Nov 2025,209.41
2481,2025-11-25,HR,Maintenance,Expense,Maintenance - HR - Nov 2025,1172.68
2482,2025-11-25,Sales,Other Income,Income,Other Income - Sales - Nov 2025,1264.52
2483,2025-11-25,Sales,Taxes,Expense,Taxes - Sales - Nov 2025,3697.19
2484,2025-11-25,Sales,Consulting Fees,Income,Consulting Fees - Sales - Nov 2025,3513.44
2485,2025-11-26,IT,Taxes,Expense,Taxes - IT - Nov 2025,3158.46
2486,2025-11-26,Sales,Consulting Fees,Income,Consulting Fees - Sales - Nov 2025,4040.08
2487,2025-11-27,HR,Office Supplies,Expense,Office Supplies - HR - Nov 2025,274.84
2488,2025-11-27,Operations,Consulting Fees,Income,Consulting Fees - Operations - Nov 2025,5837.43
2489,2025-11-27,Operations,Product Sales,Income,Product Sales - Operations - Nov 2025,7293.8
2490,2025-11-27,Sales,Consulting Fees,Income,Consulting Fees - Sales - Nov 2025,3681.92
2491,2025-11-27,Sales,Other Income,Income,Other Income - Sales - Nov 2025,454.26
2492,2025-11-28,HR,Marketing Campaigns,Expense,Marketing Campaigns - HR - Nov 2025,1281.51
2493,2025-11-28,Operations,Office Supplies,Expense,Office Supplies - Operations - Nov 2025,40.48
2494,2025-11-28,Operations,Other Income,Income,Other Income - Operations - Nov 2025,725.0
2495,2025-11-29,Operations,other income,Income,Other Income - Operations - Nov 2025,1098.75
2496,2025-11-30,Admin,Marketing Campaigns,Expense,Marketing Campaigns - Admin - Nov 2025,2888.7
2497,2025-11-30,Sales,Other Income,Income,Other Income - Sales - Nov 2025,716.44
2498,2025-11-30,Operations,Service Revenue  ,Income,Service Revenue - Operations - Nov 2025,4540.01
2499,2025-12-01,Sales,Service Revenue,Income,Service Revenue - Sales - Dec 2025,3965.83
2500,2025-12-01,Sales,Consulting Fees,Income,Consulting Fees - Sales - Dec 2025,3421.12
2501,2025-12-01,Sales,product sales,Income,Product Sales - Sales - Dec 2025,5808.2
2502,2025-12-01,IT,Salaries,Expense,Salaries - IT - Dec 2025,2154.66
2503,2025-12-01,Marketing,Marketing Campaigns,Expense,Marketing Campaigns - Marketing - Dec 2025,3507.82
2504,2025-12-01,IT,utilities,Expense,Utilities - IT - Dec 2025,225.06
2505,2025-12-02,Marketing,Utilities,Expense,Utilities - Marketing - Dec 2025,181.51
2506,2025-12-02,Sales,Service Revenue,Income,Service Revenue - Sales - Dec 2025,4038.28
2507,2025-12-02,Operations,Software Subscriptions,Expense,,558.88
2508,2025-12-02,Sales,Service Revenue,Income,Service Revenue - Sales - Dec 2025,4477.5
2509,2025-12-02,HR,Salaries,Expense,Salaries - HR - Dec 2025,4913.83
2510,2025-12-03,HR,Software Subscriptions,Expense,Software Subscriptions - HR - Dec 2025,55.4
2511,2025-12-03,IT,Rent,Expense,Rent - IT - Dec 2025,1200.0
2512,2025-12-03,HR,Rent,Expense,Rent - HR - Dec 2025,1200.0
2513,2025-12-03,Operations,Software Subscriptions,Expense,Software Subscriptions - Operations - Dec 2025,326.92
2514,2025-12-03,Sales,Service Revenue,Income,Service Revenue - Sales - Dec 2025,3948.51
2515,2025-12-03,IT,Utilities,Expense,Utilities - IT - Dec 2025,538.38
2516,2025-12-03,HR,software subscriptions,Expense,Software Subscriptions - HR - Dec 2025,148.07
2517,2025-12-04,Admin,Marketing Campaigns,Expense,Marketing Campaigns - Admin - Dec 2025,503.08
2518,2025-12-04,Operations,Other Income,Income,Other Income - Operations - Dec 2025,1132.79
2519,2025-12-04,Operations,Product Sales,Income,Product Sales - Operations - Dec 2025,5984.68
2520,2025-12-04,Sales,Travel  ,Expense,Travel - Sales - Dec 2025,2367.56
2521,2025-12-04,Sales,Consulting Fees,Income,Consulting Fees - Sales - Dec 2025,1679.08
2522,2025-12-04,Operations,Consulting Fees,Income,Consulting Fees - Operations - Dec 2025,3669.54
2523,2025-12-05,IT,Travel,Expense,Travel - IT - Dec 2025,1112.63
2524,2025-12-05,IT,Salaries,Expense,Salaries - IT - Dec 2025,6910.14
2525,2025-12-05,Sales,Product Sales,Income,Product Sales - Sales - Dec 2025,2495.72
2526,2025-12-05,Operations,Product Sales,Income,Product Sales - Operations - Dec 2025,7404.6
2527,2025-12-05,Sales,Consulting Fees,Income,Consulting Fees - Sales - Dec 2025,2236.29
2528,2025-12-05,IT,Utilities,Expense,Utilities - IT - Dec 2025,494.09
2529,2025-12-05,HR,Utilities,Expense,Utilities - HR - Dec 2025,558.13
2530,2025-12-05,Marketing,Professional Services,Expense,Professional Services - Marketing - Dec 2025,2162.85
2531,2025-12-05,Admin,Travel,Expense,Travel - Admin - Dec 2025,1927.96
2532,2025-12-06,Sales,Software Subscriptions,Expense,Software Subscriptions - Sales - Dec 2025,442.41
2533,2025-12-06,Sales,Other Income,Income,Other Income - Sales - Dec 2025,153.31
2534,2025-12-06,Sales,Maintenance,Expense,Maintenance - Sales - Dec 2025,807.38
2535,2025-12-07,Sales,Other Income,Income,Other Income - Sales - Dec 2025,926.62
2536,2025-12-07,Operations,Service Revenue,Income,Service Revenue - Operations - Dec 2025,1591.96
2537,2025-12-08,OPERATIONS,Utilities,Expense,Utilities - Operations - Dec 2025,188.6
2538,2025-12-08,Sales,Other Income,Income,Other Income - Sales - Dec 2025,403.38
2539,2025-12-09,Sales,Travel,Expense,Travel - Sales - Dec 2025,2431.58
2540,2025-12-09,Sales,Other Income  ,Income,Other Income - Sales - Dec 2025,1306.19
2541,2025-12-09,Operations,Other Income,Income,Other Income - Operations - Dec 2025,1394.42
2542,2025-12-09,IT,office supplies,Expense,Office Supplies - IT - Dec 2025,382.61
2543,2025-12-09,Sales,Consulting Fees,Income,Consulting Fees - Sales - Dec 2025,5467.3
2544,2025-12-09,Admin,Marketing Campaigns,Expense,Marketing Campaigns - Admin - Dec 2025,1093.23
2545,2025-12-09,Sales,Consulting Fees,Income,Consulting Fees - Sales - Dec 2025,3403.52
2546,2025-12-10,Sales,Product Sales,Income,Product Sales - Sales - Dec 2025,4150.01
2547,2025-12-10,Sales,Consulting Fees,Income,Consulting Fees - Sales - Dec 2025,2252.12
2548,2025-12-10,Operations,Service Revenue,Income,Service Revenue - Operations - Dec 2025,552.74
2549,2025-12-10,Sales,Product Sales,Income,Product Sales - Sales - Dec 2025,7185.6
2550,2025-12-10,Sales,Taxes,Expense,Taxes - Sales - Dec 2025,4071.52
2551,2025-12-11,HR,Professional Services,Expense,Professional Services - HR - Dec 2025,1950.39
2552,2025-12-11,Sales,Consulting Fees,Income,Consulting Fees - Sales - Dec 2025,5760.91
2553,2025-12-11,Sales,Marketing Campaigns,Expense,Marketing Campaigns - Sales - Dec 2025,3787.77
2554,2025-12-12,Sales,Other Income,Income,Other Income - Sales - Dec 2025,578.99
2555,2025-12-12,HR,Software Subscriptions,Expense,Software Subscriptions - HR - Dec 2025,583.09
2556,2025-12-12,Admin,Rent,Expense,Rent - Admin - Dec 2025,1200.0
2557,2025-12-12,Sales,Salaries,Expense,Salaries - Sales - Dec 2025,8574.11
2558,2025-12-13,OPERATIONS,Product Sales,Income,Product Sales - Operations - Dec 2025,6220.01
2559,2025-12-14,IT,Maintenance,Expense,Maintenance - IT - Dec 2025,426.86
2560,2025-12-14,HR,Salaries,Expense,Salaries - HR - Dec 2025,8979.8
2561,2025-12-15,Sales,Consulting Fees,Income,Consulting Fees - Sales - Dec 2025,919.33
2562,2025-12-15,Marketing,Salaries,Expense,Salaries - Marketing - Dec 2025,6689.97
2563,2025-12-15,IT,Utilities,Expense,Utilities - IT - Dec 2025,298.05
2564,2025-12-15,Sales,Product Sales,Income,Product Sales - Sales - Dec 2025,1455.32
2565,2025-12-15,IT,Marketing Campaigns,Expense,Marketing Campaigns - IT - Dec 2025,2944.66
2566,2025-12-15,Sales,Taxes,Expense,Taxes - Sales - Dec 2025,2273.7
2567,2025-12-15,Admin,Maintenance,Expense,Maintenance - Admin - Dec 2025,457.13
2568,2025-12-15,Sales,Consulting Fees,Income,,4109.51
2569,2025-12-16,Marketing,Taxes,Expense,Taxes - Marketing - Dec 2025,3133.99
2570,2025-12-16,Operations,Consulting Fees  ,Income,Consulting Fees - Operations - Dec 2025,1289.65
2571,2025-12-16,Operations,Professional Services,Expense,Professional Services - Operations - Dec 2025,2893.83
2572,2025-12-16,Admin,Salaries,Expense,Salaries - Admin - Dec 2025,5534.14
2573,2025-12-16,Sales,Service Revenue  ,Income,Service Revenue - Sales - Dec 2025,4888.47
2574,2025-12-16,HR,Maintenance,Expense,Maintenance - HR - Dec 2025,833.02
2575,2025-12-17,Marketing,Travel,Expense,Travel - Marketing - Dec 2025,1901.82
2576,2025-12-17,Operations,Professional Services  ,Expense,Professional Services - Operations - Dec 2025,1062.75
2577,2025-12-17,Sales,Service Revenue,Income,Service Revenue - Sales - Dec 2025,3559.92
2578,2025-12-17,Sales,Service Revenue,Income,Service Revenue - Sales - Dec 2025,391.25
2579,2025-12-18,Operations,Taxes,Expense,Taxes - Operations - Dec 2025,2438.0
2580,2025-12-18,Sales,Maintenance,Expense,Maintenance - Sales - Dec 2025,818.18
2581,2025-12-18,Sales,Consulting Fees,Income,Consulting Fees - Sales - Dec 2025,3847.45
2582,2025-12-18,Operations,Travel,Expense,Travel - Operations - Dec 2025,1513.54
2583,2025-12-18,Sales,Consulting Fees  ,Income,Consulting Fees - Sales - Dec 2025,5028.15
2584,2025-12-18,Sales,Consulting Fees,Income,Consulting Fees - Sales - Dec 2025,2221.25
2585,2025-12-19,Operations,office supplies,Expense,Office Supplies - Operations - Dec 2025,385.13
2586,2025-12-19,Admin,Office Supplies,Expense,Office Supplies - Admin - Dec 2025,24.14
2587,2025-12-19,HR,Marketing Campaigns,Expense,Marketing Campaigns - HR - Dec 2025,1899.2
2588,2025-12-19,Sales,Consulting Fees,Income,Consulting Fees - Sales - Dec 2025,1156.18
2589,2025-12-19,Operations,Maintenance,Expense,Maintenance - Operations - Dec 2025,449.8
2590,2025-12-19,Operations,Professional Services,Expense,Professional Services - Operations - Dec 2025,793.56
2591,2025-12-19,Operations,Taxes,Expense,Taxes - Operations - Dec 2025,2379.82
2592,2025-12-19,Sales,Other Income,Income,Other Income - Sales - Dec 2025,661.46
2593,2025-12-20,ADMIN,Utilities  ,Expense,Utilities - Admin - Dec 2025,202.43
2594,2025-12-20,HR,Maintenance,Expense,Maintenance - HR - Dec 2025,743.82
2595,2025-12-21,IT,Rent,Expense,Rent - IT - Dec 2025,1200.0
2596,2025-12-22,Operations,Office Supplies  ,Expense,Office Supplies - Operations - Dec 2025,206.12
2597,2025-12-22,IT,Maintenance,Expense,Maintenance - IT - Dec 2025,716.81
2598,2025-12-23,Operations,Product Sales  ,Income,Product Sales - Operations - Dec 2025,4277.65
2599,2025-12-23,HR,Maintenance,Expense,Maintenance - HR - Dec 2025,816.42
2600,2025-12-24,Sales,Travel,Expense,Travel - Sales - Dec 2025,1826.45
2601,2025-12-24,Sales,Service Revenue,Income,Service Revenue - Sales - Dec 2025,4983.07
2602,2025-12-24,Operations,Product Sales,Income,Product Sales - Operations - Dec 2025,957.75
2603,2025-12-25,Operations,Service Revenue,Income,Service Revenue - Operations - Dec 2025,2447.43
2604,2025-12-25,Operations,Office Supplies,Expense,Office Supplies - Operations - Dec 2025,240.4
2605,2025-12-25,Operations,Travel,Expense,Travel - Operations - Dec 2025,207.19
2606,2025-12-25,Operations,Software Subscriptions,Expense,Software Subscriptions - Operations - Dec 2025,381.76
2607,2025-12-25,IT,Professional Services,Expense,Professional Services - IT - Dec 2025,719.39
2608,2025-12-25,Operations,Service Revenue  ,Income,Service Revenue - Operations - Dec 2025,1010.51
2609,2025-12-25,IT,Rent,Expense,Rent - IT - Dec 2025,1200.0
2610,2025-12-26,HR,Salaries,Expense,Salaries - HR - Dec 2025,3715.83
2611,2025-12-26,Admin,Travel,Expense,Travel - Admin - Dec 2025,1795.49
2612,2025-12-26,Operations,Product Sales,Income,Product Sales - Operations - Dec 2025,6466.98
2613,2025-12-26,ADMIN,Travel,Expense,Travel - Admin - Dec 2025,1839.95
2614,2025-12-28,Operations,Service Revenue,Income,Service Revenue - Operations - Dec 2025,1846.84
2615,2025-12-29,IT,Travel,Expense,Travel - IT - Dec 2025,281.08
2616,2025-12-29,Sales,Other Income,Income,Other Income - Sales - Dec 2025,452.4
2617,2025-12-29,IT,Taxes,Expense,Taxes - IT - Dec 2025,4562.89
2618,2025-12-30,Sales,Other Income,Income,Other Income - Sales - Dec 2025,1026.8
2619,2025-12-30,Operations,Office Supplies  ,Expense,Office Supplies - Operations - Dec 2025,341.59
